date,country,daily_cases,daily_deaths,daily_recovered,total_cases,total_deaths,total_recovered,active_cases
2020-03-01,USA,1750,10,822,1750,10,822,918
2020-03-02,USA,2046,16,898,3796,26,1720,2050
2020-03-03,USA,2452,12,1108,6248,38,2828,3382
2020-03-04,USA,2664,24,1353,8912,62,4181,4669
2020-03-05,USA,2239,18,1253,11151,80,5434,5637
2020-03-06,USA,2234,17,1114,13385,97,6548,6740
2020-03-07,USA,2893,25,1222,16278,122,7770,8386
2020-03-08,USA,3365,33,1686,19643,155,9456,10032
2020-03-09,USA,3708,33,1992,23351,188,11448,11715
2020-03-10,USA,4478,21,2018,27829,209,13466,14154
2020-03-11,USA,4163,22,1657,31992,231,15123,16638
2020-03-12,USA,3955,25,1967,35947,256,17090,18601
2020-03-13,USA,4133,30,2169,40080,286,19259,20535
2020-03-14,USA,3831,31,2723,43911,317,21982,21612
2020-03-15,USA,4758,36,2123,48669,353,24105,24211
2020-03-16,USA,6334,52,2234,55003,405,26339,28259
2020-03-17,USA,6715,51,2530,61718,456,28869,32393
2020-03-18,USA,7462,57,3089,69180,513,31958,36709
2020-03-19,USA,6342,39,3816,75522,552,35774,39196
2020-03-20,USA,5920,44,4138,81442,596,39912,40934
2020-03-21,USA,8226,51,4686,89668,647,44598,44423
2020-03-22,USA,8724,66,3645,98392,713,48243,49436
2020-03-23,USA,10615,109,4056,109007,822,52299,55886
2020-03-24,USA,10190,88,4020,119197,910,56319,61968
2020-03-25,USA,10836,154,3919,130033,1064,60238,68731
2020-03-26,USA,10619,105,5009,140652,1169,65247,74236
2020-03-27,USA,9222,104,5462,149874,1273,70709,77892
2020-03-28,USA,11414,77,8067,161288,1350,78776,81162
2020-03-29,USA,12588,131,5752,173876,1481,84528,87867
2020-03-30,USA,15175,135,7137,189051,1616,91665,95770
2020-03-31,USA,15932,166,7451,204983,1782,99116,104085
2020-04-01,USA,18720,272,8529,223703,2054,107645,114004
2020-04-02,USA,14963,150,11761,238666,2204,119406,117056
2020-04-03,USA,13085,175,11744,251751,2379,131150,118222
2020-04-04,USA,16434,170,12547,268185,2549,143697,121939
2020-04-05,USA,16418,208,11426,284603,2757,155123,126723
2020-04-06,USA,21495,345,9759,306098,3102,164882,138114
2020-04-07,USA,18990,214,11606,325088,3316,176488,145284
2020-04-08,USA,19389,354,13025,344477,3670,189513,151294
2020-04-09,USA,20019,290,13765,364496,3960,203278,157258
2020-04-10,USA,19697,196,14043,384193,4156,217321,162716
2020-04-11,USA,20111,307,17965,404304,4463,235286,164555
2020-04-12,USA,22935,359,14120,427239,4822,249406,173011
2020-04-13,USA,25958,407,11992,453197,5229,261398,186570
2020-04-14,USA,24704,260,16875,477901,5489,278273,194139
2020-04-15,USA,25152,381,17266,503053,5870,295539,201644
2020-04-16,USA,23093,338,20817,526146,6208,316356,203582
2020-04-17,USA,24266,306,20923,550412,6514,337279,206619
2020-04-18,USA,24249,438,16488,574661,6952,353767,213942
2020-04-19,USA,23391,403,18846,598052,7355,372613,218084
2020-04-20,USA,31743,373,17553,629795,7728,390166,231901
2020-04-21,USA,31236,483,15702,661031,8211,405868,246952
2020-04-22,USA,28713,514,21835,689744,8725,427703,253316
2020-04-23,USA,28289,525,24616,718033,9250,452319,256464
2020-04-24,USA,26938,565,27305,744971,9815,479624,255532
2020-04-25,USA,27891,553,25669,772862,10368,505293,257201
2020-04-26,USA,27630,589,19898,800492,10957,525191,264344
2020-04-27,USA,32454,601,27614,832946,11558,552805,268583
2020-04-28,USA,35185,387,26121,868131,11945,578926,277260
2020-04-29,USA,34418,640,23762,902549,12585,602688,287276
2020-04-30,USA,26972,563,29783,929521,13148,632471,283902
2020-05-01,USA,25212,598,27109,954733,13746,659580,281407
2020-05-02,USA,24060,422,26538,978793,14168,686118,278507
2020-05-03,USA,26934,428,30114,1005727,14596,716232,274899
2020-05-04,USA,35243,896,30734,1040970,15492,746966,278512
2020-05-05,USA,37363,722,30907,1078333,16214,777873,284246
2020-05-06,USA,30866,759,25228,1109199,16973,803101,289125
2020-05-07,USA,29134,661,27667,1138333,17634,830768,289931
2020-05-08,USA,25038,629,34253,1163371,18263,865021,280087
2020-05-09,USA,23539,768,27198,1186910,19031,892219,275660
2020-05-10,USA,28494,574,26729,1215404,19605,918948,276851
2020-05-11,USA,34170,765,23846,1249574,20370,942794,286410
2020-05-12,USA,30558,738,22021,1280132,21108,964815,294209
2020-05-13,USA,31406,725,21733,1311538,21833,986548,303157
2020-05-14,USA,18952,583,35570,1330490,22416,1022118,285956
2020-05-15,USA,22801,606,33957,1353291,23022,1056075,274194
2020-05-16,USA,21728,500,26164,1375019,23522,1082239,269258
2020-05-17,USA,23239,774,19935,1398258,24296,1102174,271788
2020-05-18,USA,26056,664,23970,1424314,24960,1126144,273210
2020-05-19,USA,21666,825,26602,1445980,25785,1152746,267449
2020-05-20,USA,22796,645,31898,1468776,26430,1184644,257702
2020-05-21,USA,20274,859,31303,1489050,27289,1215947,245814
2020-05-22,USA,19448,595,27569,1508498,27884,1243516,237098
2020-05-23,USA,16627,648,31563,1525125,28532,1275079,221514
2020-05-24,USA,17702,456,16377,1542827,28988,1291456,222383
2020-05-25,USA,19517,820,22549,1562344,29808,1314005,218531
2020-05-26,USA,21493,819,22456,1583837,30627,1336461,216749
2020-05-27,USA,18306,725,25046,1602143,31352,1361507,209284
2020-05-28,USA,14348,522,24763,1616491,31874,1386270,198347
2020-05-29,USA,13610,463,20375,1630101,32337,1406645,191119
2020-05-30,USA,12994,631,19962,1643095,32968,1426607,183520
2020-05-31,USA,14991,767,17853,1658086,33735,1444460,179891
2020-06-01,USA,13951,546,18247,1672037,34281,1462707,175049
2020-06-02,USA,14020,445,16548,1686057,34726,1479255,172076
2020-06-03,USA,12283,663,18546,1698340,35389,1497801,165150
2020-06-04,USA,9301,601,17231,1707641,35990,1515032,156619
2020-06-05,USA,9305,391,23713,1716946,36381,1538745,141820
2020-06-06,USA,9052,342,17097,1725998,36723,1555842,133433
2020-06-07,USA,9466,375,13744,1735464,37098,1569586,128780
2020-06-08,USA,9755,319,12089,1745219,37417,1581675,126127
2020-06-09,USA,8493,392,9450,1753712,37809,1591125,124778
2020-06-10,USA,8063,327,15663,1761775,38136,1606788,116851
2020-06-11,USA,6668,271,14379,1768443,38407,1621167,108869
2020-06-12,USA,5476,301,13080,1773919,38708,1634247,100964
2020-06-13,USA,5574,303,11870,1779493,39011,1646117,94365
2020-06-14,USA,6154,437,9389,1785647,39448,1655506,90693
2020-06-15,USA,7133,248,7537,1792780,39696,1663043,90041
2020-06-16,USA,5990,372,8230,1798770,40068,1671273,87429
2020-06-17,USA,5198,260,9809,1803968,40328,1681082,82558
2020-06-18,USA,4117,204,8190,1808085,40532,1689272,78281
2020-06-19,USA,2962,233,8392,1811047,40765,1697664,72618
2020-06-20,USA,3337,155,6690,1814384,40920,1704354,69110
2020-06-21,USA,3513,225,6699,1817897,41145,1711053,65699
2020-06-22,USA,4311,222,5238,1822208,41367,1716291,64550
2020-06-23,USA,3350,205,4486,1825558,41572,1720777,63209
2020-06-24,USA,2978,187,6595,1828536,41759,1727372,59405
2020-06-25,USA,2340,218,6344,1830876,41977,1733716,55183
2020-06-26,USA,1784,104,5284,1832660,42081,1739000,51579
2020-06-27,USA,2039,109,5090,1834699,42190,1744090,48419
2020-06-28,USA,2059,117,4406,1836758,42307,1748496,45955
2020-06-29,USA,2117,138,2554,1838875,42445,1751050,45380
2020-06-30,USA,1738,114,3223,1840613,42559,1754273,43781
2020-07-01,USA,1779,140,3517,1842392,42699,1757790,41903
2020-07-02,USA,1146,115,4425,1843538,42814,1762215,38509
2020-07-03,USA,1136,57,3272,1844674,42871,1765487,36316
2020-07-04,USA,1216,60,2753,1845890,42931,1768240,34719
2020-07-05,USA,998,83,2060,1846888,43014,1770300,33574
2020-07-06,USA,1072,83,1727,1847960,43097,1772027,32836
2020-07-07,USA,1082,81,1747,1849042,43178,1773774,32090
2020-07-08,USA,895,67,1399,1849937,43245,1775173,31519
2020-07-09,USA,674,35,2121,1850611,43280,1777294,30037
2020-07-10,USA,669,50,1819,1851280,43330,1779113,28837
2020-07-11,USA,600,59,1304,1851880,43389,1780417,28074
2020-07-12,USA,740,38,989,1852620,43427,1781406,27787
2020-07-13,USA,714,42,1158,1853334,43469,1782564,27301
2020-07-14,USA,868,39,1407,1854202,43508,1783971,26723
2020-07-15,USA,662,40,960,1854864,43548,1784931,26385
2020-07-16,USA,600,27,954,1855464,43575,1785885,26004
2020-07-17,USA,600,34,1019,1856064,43609,1786904,25551
2020-07-18,USA,530,25,977,1856594,43634,1787881,25079
2020-07-19,USA,691,17,605,1857285,43651,1788486,25148
2020-07-20,USA,859,16,590,1858144,43667,1789076,25401
2020-07-21,USA,717,19,548,1858861,43686,1789624,25551
2020-07-22,USA,805,18,642,1859666,43704,1790266,25696
2020-07-23,USA,742,19,693,1860408,43723,1790959,25726
2020-07-24,USA,738,12,968,1861146,43735,1791927,25484
2020-07-25,USA,680,13,656,1861826,43748,1792583,25495
2020-07-26,USA,807,15,561,1862633,43763,1793144,25726
2020-07-27,USA,1110,18,559,1863743,43781,1793703,26259
2020-07-28,USA,1185,27,429,1864928,43808,1794132,26988
2020-07-29,USA,1164,12,721,1866092,43820,1794853,27419
2020-07-30,USA,1093,11,818,1867185,43831,1795671,27683
2020-07-31,USA,976,15,675,1868161,43846,1796346,27969
2020-08-01,USA,1157,12,1019,1869318,43858,1797365,28095
2020-08-02,USA,1401,19,733,1870719,43877,1798098,28744
2020-08-03,USA,1535,20,655,1872254,43897,1798753,29604
2020-08-04,USA,2043,13,624,1874297,43910,1799377,31010
2020-08-05,USA,1824,18,863,1876121,43928,1800240,31953
2020-08-06,USA,1485,18,1077,1877606,43946,1801317,32343
2020-08-07,USA,1679,17,973,1879285,43963,1802290,33032
2020-08-08,USA,1617,15,1220,1880902,43978,1803510,33414
2020-08-09,USA,2245,20,979,1883147,43998,1804489,34660
2020-08-10,USA,2740,28,1112,1885887,44026,1805601,36260
2020-08-11,USA,2553,31,1230,1888440,44057,1806831,37552
2020-08-12,USA,2903,27,1284,1891343,44084,1808115,39144
2020-08-13,USA,2593,21,1662,1893936,44105,1809777,40054
2020-08-14,USA,2591,20,1974,1896527,44125,1811751,40651
2020-08-15,USA,3069,29,1900,1899596,44154,1813651,41791
2020-08-16,USA,3135,24,1494,1902731,44178,1815145,43408
2020-08-17,USA,3554,33,1475,1906285,44211,1816620,45454
2020-08-18,USA,3813,38,1452,1910098,44249,1818072,47777
2020-08-19,USA,3770,37,2377,1913868,44286,1820449,49133
2020-08-20,USA,3719,38,2542,1917587,44324,1822991,50272
2020-08-21,USA,3707,35,2351,1921294,44359,1825342,51593
2020-08-22,USA,4025,33,2520,1925319,44392,1827862,53065
2020-08-23,USA,5018,33,2594,1930337,44425,1830456,55456
2020-08-24,USA,5549,64,3000,1935886,44489,1833456,57941
2020-08-25,USA,6688,58,2631,1942574,44547,1836087,61940
2020-08-26,USA,5738,84,3016,1948312,44631,1839103,64578
2020-08-27,USA,6592,49,3893,1954904,44680,1842996,67228
2020-08-28,USA,5459,54,3631,1960363,44734,1846627,69002
2020-08-29,USA,5262,65,3782,1965625,44799,1850409,70417
2020-08-30,USA,6146,83,3190,1971771,44882,1853599,73290
2020-08-31,USA,8187,70,3711,1979958,44952,1857310,77696
2020-09-01,USA,8332,81,3791,1988290,45033,1861101,82156
2020-09-02,USA,8736,85,5292,1997026,45118,1866393,85515
2020-09-03,USA,7887,77,5959,2004913,45195,1872352,87366
2020-09-04,USA,7224,67,8083,2012137,45262,1880435,86440
2020-09-05,USA,7328,84,5827,2019465,45346,1886262,87857
2020-09-06,USA,8183,122,6534,2027648,45468,1892796,89384
2020-09-07,USA,10484,88,5342,2038132,45556,1898138,94438
2020-09-08,USA,12448,137,4873,2050580,45693,1903011,101876
2020-09-09,USA,11492,98,6099,2062072,45791,1909110,107171
2020-09-10,USA,9314,163,7627,2071386,45954,1916737,108695
2020-09-11,USA,9984,75,8133,2081370,46029,1924870,110471
2020-09-12,USA,10935,93,9491,2092305,46122,1934361,111822
2020-09-13,USA,11627,131,6809,2103932,46253,1941170,116509
2020-09-14,USA,14723,213,7725,2118655,46466,1948895,123294
2020-09-15,USA,15588,163,7961,2134243,46629,1956856,130758
2020-09-16,USA,13612,153,7762,2147855,46782,1964618,136455
2020-09-17,USA,14049,214,7929,2161904,46996,1972547,142361
2020-09-18,USA,13526,101,11223,2175430,47097,1983770,144563
2020-09-19,USA,15085,81,12463,2190515,47178,1996233,147104
2020-09-20,USA,17677,175,8920,2208192,47353,2005153,155686
2020-09-21,USA,16789,185,8626,2224981,47538,2013779,163664
2020-09-22,USA,18538,194,9967,2243519,47732,2023746,172041
2020-09-23,USA,20062,257,12100,2263581,47989,2035846,179746
2020-09-24,USA,18207,191,14906,2281788,48180,2050752,182856
2020-09-25,USA,17183,173,14606,2298971,48353,2065358,185260
2020-09-26,USA,23052,159,12588,2322023,48512,2077946,195565
2020-09-27,USA,21543,266,12958,2343566,48778,2090904,203884
2020-09-28,USA,25898,324,11787,2369464,49102,2102691,217671
2020-09-29,USA,27023,297,16820,2396487,49399,2119511,227577
2020-09-30,USA,25284,362,16422,2421771,49761,2135933,236077
2020-10-01,USA,21169,214,18079,2442940,49975,2154012,238953
2020-10-02,USA,21643,182,20503,2464583,50157,2174515,239911
2020-10-03,USA,20350,251,21182,2484933,50408,2195697,238828
2020-10-04,USA,24772,338,16724,2509705,50746,2212421,246538
2020-10-05,USA,27846,340,17161,2537551,51086,2229582,256883
2020-10-06,USA,30703,340,22076,2568254,51426,2251658,265170
2020-10-07,USA,34453,413,18812,2602707,51839,2270470,280398
2020-10-08,USA,22248,262,25668,2624955,52101,2296138,276716
2020-10-09,USA,25809,425,22883,2650764,52526,2319021,279217
2020-10-10,USA,22555,435,27155,2673319,52961,2346176,274182
2020-10-11,USA,28880,505,19378,2702199,53466,2365554,283179
2020-10-12,USA,37273,529,21195,2739472,53995,2386749,298728
2020-10-13,USA,36126,563,20089,2775598,54558,2406838,314202
2020-10-14,USA,31163,537,23165,2806761,55095,2430003,321663
2020-10-15,USA,28801,439,28300,2835562,55534,2458303,321725
2020-10-16,USA,29999,465,28075,2865561,55999,2486378,323184
2020-10-17,USA,28232,489,35956,2893793,56488,2522334,314971
2020-10-18,USA,35199,488,18483,2928992,56976,2540817,331199
2020-10-19,USA,39495,602,25089,2968487,57578,2565906,345003
2020-10-20,USA,38931,570,25851,3007418,58148,2591757,357513
2020-10-21,USA,45456,839,24951,3052874,58987,2616708,377179
2020-10-22,USA,36362,363,33356,3089236,59350,2650064,379822
2020-10-23,USA,26891,661,36463,3116127,60011,2686527,369589
2020-10-24,USA,34172,421,30453,3150299,60432,2716980,372887
2020-10-25,USA,36635,387,28618,3186934,60819,2745598,380517
2020-10-26,USA,46792,717,30207,3233726,61536,2775805,396385
2020-10-27,USA,42634,585,28822,3276360,62121,2804627,409612
2020-10-28,USA,42422,681,37540,3318782,62802,2842167,413813
2020-10-29,USA,39556,468,39469,3358338,63270,2881636,413432
2020-10-30,USA,37532,510,36472,3395870,63780,2918108,413982
2020-10-31,USA,33147,327,46572,3429017,64107,2964680,400230
2020-11-01,USA,40822,596,41539,3469839,64703,3006219,398917
2020-11-02,USA,45493,378,25472,3515332,65081,3031691,418560
2020-11-03,USA,46370,493,29608,3561702,65574,3061299,434829
2020-11-04,USA,52291,971,39063,3613993,66545,3100362,447086
2020-11-05,USA,41823,779,44379,3655816,67324,3144741,443751
2020-11-06,USA,33481,539,32036,3689297,67863,3176777,444657
2020-11-07,USA,41574,509,44176,3730871,68372,3220953,441546
2020-11-08,USA,51598,669,35940,3782469,69041,3256893,456535
2020-11-09,USA,53604,861,35704,3836073,69902,3292597,473574
2020-11-10,USA,44805,602,32877,3880878,70504,3325474,484900
2020-11-11,USA,45714,1013,39935,3926592,71517,3365409,489666
2020-11-12,USA,46105,852,46771,3972697,72369,3412180,488148
2020-11-13,USA,36143,656,42576,4008840,73025,3454756,481059
2020-11-14,USA,41083,609,52775,4049923,73634,3507531,468758
2020-11-15,USA,47776,776,39107,4097699,74410,3546638,476651
2020-11-16,USA,46551,490,34516,4144250,74900,3581154,488196
2020-11-17,USA,51322,802,42367,4195572,75702,3623521,496349
2020-11-18,USA,35459,821,44900,4231031,76523,3668421,486087
2020-11-19,USA,38518,607,57048,4269549,77130,3725469,466950
2020-11-20,USA,37458,572,40707,4307007,77702,3766176,463129
2020-11-21,USA,35483,1023,47431,4342490,78725,3813607,450158
2020-11-22,USA,50313,1052,45886,4392803,79777,3859493,453533
2020-11-23,USA,43854,857,41075,4436657,80634,3900568,455455
2020-11-24,USA,48787,900,38558,4485444,81534,3939126,464784
2020-11-25,USA,47228,1053,44262,4532672,82587,3983388,466697
2020-11-26,USA,45488,981,44602,4578160,83568,4027990,466602
2020-11-27,USA,32752,656,47775,4610912,84224,4075765,450923
2020-11-28,USA,41519,640,36763,4652431,84864,4112528,455039
2020-11-29,USA,42733,974,31000,4695164,85838,4143528,465798
2020-11-30,USA,43592,897,32170,4738756,86735,4175698,476323
2020-12-01,USA,49875,1079,30426,4788631,87814,4206124,494693
2020-12-02,USA,44968,712,52890,4833599,88526,4259014,486059
2020-12-03,USA,36611,829,49301,4870210,89355,4308315,472540
2020-12-04,USA,34934,594,46346,4905144,89949,4354661,460534
2020-12-05,USA,34414,795,44573,4939558,90744,4399234,449580
2020-12-06,USA,40103,926,43974,4979661,91670,4443208,444783
2020-12-07,USA,46164,1097,35095,5025825,92767,4478303,454755
2020-12-08,USA,50015,742,36161,5075840,93509,4514464,467867
2020-12-09,USA,36643,1121,42001,5112483,94630,4556465,461388
2020-12-10,USA,41189,832,45929,5153672,95462,4602394,455816
2020-12-11,USA,26705,500,50279,5180377,95962,4652673,431742
2020-12-12,USA,31819,658,43987,5212196,96620,4696660,418916
2020-12-13,USA,37587,701,38664,5249783,97321,4735324,417138
2020-12-14,USA,40320,827,24470,5290103,98148,4759794,432161
2020-12-15,USA,37773,962,35276,5327876,99110,4795070,433696
2020-12-16,USA,35671,694,35980,5363547,99804,4831050,432693
2020-12-17,USA,30019,634,36204,5393566,100438,4867254,425874
2020-12-18,USA,26673,868,50468,5420239,101306,4917722,401211
2020-12-19,USA,30303,804,40009,5450542,102110,4957731,390701
2020-12-20,USA,32393,756,38997,5482935,102866,4996728,383341
2020-12-21,USA,32547,805,28079,5515482,103671,5024807,387004
2020-12-22,USA,37087,885,35471,5552569,104556,5060278,387735
2020-12-23,USA,32218,710,40828,5584787,105266,5101106,378415
2020-12-24,USA,28740,564,45055,5613527,105830,5146161,361536
2020-12-25,USA,25292,436,38953,5638819,106266,5185114,347439
2020-12-26,USA,22702,364,34502,5661521,106630,5219616,335275
2020-12-27,USA,25684,696,24201,5687205,107326,5243817,336062
2020-12-28,USA,31065,780,24976,5718270,108106,5268793,341371
2020-12-29,USA,30761,583,26637,5749031,108689,5295430,344912
2020-12-30,USA,26523,801,37848,5775554,109490,5333278,332786
2020-12-31,USA,22938,386,30695,5798492,109876,5363973,324643
2021-01-01,USA,22280,321,36042,5820772,110197,5400015,310560
2021-01-02,USA,19387,538,32634,5840159,110735,5432649,296775
2021-01-03,USA,23423,665,27710,5863582,111400,5460359,291823
2021-01-04,USA,24005,737,28395,5887587,112137,5488754,286696
2021-01-05,USA,23930,570,20436,5911517,112707,5509190,289620
2021-01-06,USA,23947,662,25136,5935464,113369,5534326,287769
2021-01-07,USA,20033,481,27608,5955497,113850,5561934,279713
2021-01-08,USA,17774,411,25632,5973271,114261,5587566,271444
2021-01-09,USA,18531,449,23904,5991802,114710,5611470,265622
2021-01-10,USA,18515,487,21938,6010317,115197,5633408,261712
2021-01-11,USA,21182,356,20470,6031499,115553,5653878,262068
2021-01-12,USA,19547,667,17322,6051046,116220,5671200,263626
2021-01-13,USA,18593,565,19323,6069639,116785,5690523,262331
2021-01-14,USA,15323,335,22853,6084962,117120,5713376,254466
2021-01-15,USA,13876,400,19516,6098838,117520,5732892,248426
2021-01-16,USA,14532,354,24736,6113370,117874,5757628,237868
2021-01-17,USA,14319,409,19390,6127689,118283,5777018,232388
2021-01-18,USA,19501,354,14576,6147190,118637,5791594,236959
2021-01-19,USA,15392,343,17239,6162582,118980,5808833,234769
2021-01-20,USA,13731,394,16437,6176313,119374,5825270,231669
2021-01-21,USA,14279,408,20983,6190592,119782,5846253,224557
2021-01-22,USA,12439,324,21280,6203031,120106,5867533,215392
2021-01-23,USA,12467,282,14502,6215498,120388,5882035,213075
2021-01-24,USA,13893,351,14879,6229391,120739,5896914,211738
2021-01-25,USA,14545,149,13107,6243936,120888,5910021,213027
2021-01-26,USA,13684,393,14887,6257620,121281,5924908,211431
2021-01-27,USA,13630,198,14039,6271250,121479,5938947,210824
2021-01-28,USA,11149,232,17313,6282399,121711,5956260,204428
2021-01-29,USA,11528,175,14304,6293927,121886,5970564,201477
2021-01-30,USA,10881,175,12132,6304808,122061,5982696,200051
2021-01-31,USA,11631,286,15182,6316439,122347,5997878,196214
2021-02-01,USA,13568,286,11966,6330007,122633,6009844,197530
2021-02-02,USA,14810,266,14243,6344817,122899,6024087,197831
2021-02-03,USA,12798,220,13256,6357615,123119,6037343,197153
2021-02-04,USA,11086,252,12974,6368701,123371,6050317,195013
2021-02-05,USA,11173,203,11148,6379874,123574,6061465,194835
2021-02-06,USA,11714,149,10725,6391588,123723,6072190,195675
2021-02-07,USA,12693,267,9007,6404281,123990,6081197,199094
2021-02-08,USA,14493,210,11362,6418774,124200,6092559,202015
2021-02-09,USA,16072,150,10977,6434846,124350,6103536,206960
2021-02-10,USA,13268,199,9400,6448114,124549,6112936,210629
2021-02-11,USA,11988,231,14191,6460102,124780,6127127,208195
2021-02-12,USA,11948,215,13530,6472050,124995,6140657,206398
2021-02-13,USA,13262,161,12466,6485312,125156,6153123,207033
2021-02-14,USA,16152,171,12358,6501464,125327,6165481,210656
2021-02-15,USA,20329,201,11688,6521793,125528,6177169,219096
2021-02-16,USA,20612,331,10943,6542405,125859,6188112,228434
2021-02-17,USA,18316,217,11099,6560721,126076,6199211,235434
2021-02-18,USA,16852,190,10919,6577573,126266,6210130,241177
2021-02-19,USA,14704,212,14319,6592277,126478,6224449,241350
2021-02-20,USA,17132,193,12468,6609409,126671,6236917,245821
2021-02-21,USA,19722,189,10372,6629131,126860,6247289,254982
2021-02-22,USA,24046,218,11319,6653177,127078,6258608,267491
2021-02-23,USA,23347,248,12829,6676524,127326,6271437,277761
2021-02-24,USA,25163,205,15157,6701687,127531,6286594,287562
2021-02-25,USA,24762,214,18247,6726449,127745,6304841,293863
2021-02-26,USA,20771,188,20121,6747220,127933,6324962,294325
2021-02-27,USA,23260,236,18360,6770480,128169,6343322,298989
2021-02-28,USA,28021,246,14413,6798501,128415,6357735,312351
2021-03-01,USA,29866,320,16107,6828367,128735,6373842,325790
2021-03-02,USA,33507,191,16284,6861874,128926,6390126,342822
2021-03-03,USA,31828,334,18968,6893702,129260,6409094,355348
2021-03-04,USA,29231,277,24719,6922933,129537,6433813,359583
2021-03-05,USA,25813,271,22935,6948746,129808,6456748,362190
2021-03-06,USA,29599,110,26458,6978345,129918,6483206,365221
2021-03-07,USA,36119,429,24454,7014464,130347,6507660,376457
2021-03-08,USA,44934,358,18718,7059398,130705,6526378,402315
2021-03-09,USA,46114,436,23136,7105512,131141,6549514,424857
2021-03-10,USA,48343,304,23823,7153855,131445,6573337,449073
2021-03-11,USA,35190,423,28982,7189045,131868,6602319,454858
2021-03-12,USA,37911,249,32059,7226956,132117,6634378,460461
2021-03-13,USA,38458,309,29918,7265414,132426,6664296,468692
2021-03-14,USA,52163,587,27701,7317577,133013,6691997,492567
2021-03-15,USA,47920,434,20117,7365497,133447,6712114,519936
2021-03-16,USA,50618,528,26855,7416115,133975,6738969,543171
2021-03-17,USA,49523,563,34996,7465638,134538,6773965,557135
2021-03-18,USA,39074,483,43826,7504712,135021,6817791,551900
2021-03-19,USA,42421,399,39719,7547133,135420,6857510,554203
2021-03-20,USA,44272,476,52283,7591405,135896,6909793,545716
2021-03-21,USA,55589,801,30856,7646994,136697,6940649,569648
2021-03-22,USA,64808,664,39922,7711802,137361,6980571,593870
2021-03-23,USA,76453,716,38496,7788255,138077,7019067,631111
2021-03-24,USA,68218,871,46840,7856473,138948,7065907,651618
2021-03-25,USA,54439,639,54170,7910912,139587,7120077,651248
2021-03-26,USA,49572,696,42793,7960484,140283,7162870,657331
2021-03-27,USA,58774,642,51911,8019258,140925,7214781,663552
2021-03-28,USA,58624,595,41264,8077882,141520,7256045,680317
2021-03-29,USA,85845,939,37993,8163727,142459,7294038,727230
2021-03-30,USA,85879,575,48419,8249606,143034,7342457,764115
2021-03-31,USA,71641,773,52031,8321247,143807,7394488,782952
2021-04-01,USA,57510,487,64011,8378757,144294,7458499,775964
2021-04-02,USA,68743,614,75305,8447500,144908,7533804,768788
2021-04-03,USA,64708,690,64609,8512208,145598,7598413,768197
2021-04-04,USA,82736,864,56498,8594944,146462,7654911,793571
2021-04-05,USA,74609,1025,51365,8669553,147487,7706276,815790
2021-04-06,USA,84857,1472,46557,8754410,148959,7752833,852618
2021-04-07,USA,84106,1081,63619,8838516,150040,7816452,872024
2021-04-08,USA,75132,751,68710,8913648,150791,7885162,877695
2021-04-09,USA,66779,856,90956,8980427,151647,7976118,852662
2021-04-10,USA,76143,1051,76524,9056570,152698,8052642,851230
2021-04-11,USA,76037,638,49186,9132607,153336,8101828,877443
2021-04-12,USA,92841,1384,63282,9225448,154720,8165110,905618
2021-04-13,USA,98264,1408,55251,9323712,156128,8220361,947223
2021-04-14,USA,95041,967,77719,9418753,157095,8298080,963578
2021-04-15,USA,85415,1050,69418,9504168,158145,8367498,978525
2021-04-16,USA,67679,953,87814,9571847,159098,8455312,957437
2021-04-17,USA,67923,947,91321,9639770,160045,8546633,933092
2021-04-18,USA,97267,1138,82193,9737037,161183,8628826,947028
2021-04-19,USA,101753,1064,60503,9838790,162247,8689329,987214
2021-04-20,USA,96026,940,71567,9934816,163187,8760896,1010733
2021-04-21,USA,107078,848,60707,10041894,164035,8821603,1056256
2021-04-22,USA,84629,1401,81944,10126523,165436,8903547,1057540
2021-04-23,USA,83967,783,103435,10210490,166219,9006982,1037289
2021-04-24,USA,79856,860,105979,10290346,167079,9112961,1010306
2021-04-25,USA,104854,609,71876,10395200,167688,9184837,1042675
2021-04-26,USA,114645,1137,61122,10509845,168825,9245959,1095061
2021-04-27,USA,100955,1012,65033,10610800,169837,9310992,1129971
2021-04-28,USA,102942,1766,95992,10713742,171603,9406984,1135155
2021-04-29,USA,87920,1433,89774,10801662,173036,9496758,1131868
2021-04-30,USA,84394,813,96094,10886056,173849,9592852,1119355
2021-05-01,USA,72249,1370,97924,10958305,175219,9690776,1092310
2021-05-02,USA,93067,1615,81126,11051372,176834,9771902,1102636
2021-05-03,USA,106264,1318,85011,11157636,178152,9856913,1122571
2021-05-04,USA,85769,664,76710,11243405,178816,9933623,1130966
2021-05-05,USA,83317,2156,96267,11326722,180972,10029890,1115860
2021-05-06,USA,67026,842,108852,11393748,181814,10138742,1073192
2021-05-07,USA,70894,774,96060,11464642,182588,10234802,1047252
2021-05-08,USA,78410,1320,95167,11543052,183908,10329969,1029175
2021-05-09,USA,93069,2138,82218,11636121,186046,10412187,1037888
2021-05-10,USA,92278,2002,93970,11728399,188048,10506157,1034194
2021-05-11,USA,105037,1533,73249,11833436,189581,10579406,1064449
2021-05-12,USA,75788,1569,86704,11909224,191150,10666110,1051964
2021-05-13,USA,63675,1399,109123,11972899,192549,10775233,1005117
2021-05-14,USA,66018,1319,79589,12038917,193868,10854822,990227
2021-05-15,USA,69553,1033,89367,12108470,194901,10944189,969380
2021-05-16,USA,74979,1284,66723,12183449,196185,11010912,976352
2021-05-17,USA,68880,1416,67327,12252329,197601,11078239,976489
2021-05-18,USA,82536,981,78643,12334865,198582,11156882,979401
2021-05-19,USA,67867,1057,75311,12402732,199639,11232193,970900
2021-05-20,USA,68690,594,78605,12471422,200233,11310798,960391
2021-05-21,USA,60021,930,88796,12531443,201163,11399594,930686
2021-05-22,USA,54563,840,73796,12586006,202003,11473390,910613
2021-05-23,USA,62667,967,71718,12648673,202970,11545108,900595
2021-05-24,USA,65294,1272,77518,12713967,204242,11622626,887099
2021-05-25,USA,71088,1784,71031,12785055,206026,11693657,885372
2021-05-26,USA,69704,1189,75584,12854759,207215,11769241,878303
2021-05-27,USA,51030,578,54215,12905789,207793,11823456,874540
2021-05-28,USA,51251,699,74934,12957040,208492,11898390,850158
2021-05-29,USA,47460,1089,60019,13004500,209581,11958409,836510
2021-05-30,USA,51125,792,61848,13055625,210373,12020257,824995
2021-05-31,USA,58740,863,56651,13114365,211236,12076908,826221
2021-06-01,USA,54112,1200,49907,13168477,212436,12126815,829226
2021-06-02,USA,50814,715,48252,13219291,213151,12175067,831073
2021-06-03,USA,40893,915,67370,13260184,214066,12242437,803681
2021-06-04,USA,46276,573,60923,13306460,214639,12303360,788461
2021-06-05,USA,40115,624,68516,13346575,215263,12371876,759436
2021-06-06,USA,41355,865,59149,13387930,216128,12431025,740777
2021-06-07,USA,48085,576,44677,13436015,216704,12475702,743609
2021-06-08,USA,46389,999,34033,13482404,217703,12509735,754966
2021-06-09,USA,41202,895,47676,13523606,218598,12557411,747597
2021-06-10,USA,37218,729,62598,13560824,219327,12620009,721488
2021-06-11,USA,33079,687,62120,13593903,220014,12682129,691760
2021-06-12,USA,29704,774,42783,13623607,220788,12724912,677907
2021-06-13,USA,32222,670,41207,13655829,221458,12766119,668252
2021-06-14,USA,35447,685,42357,13691276,222143,12808476,660657
2021-06-15,USA,29111,706,38102,13720387,222849,12846578,650960
2021-06-16,USA,27937,716,50199,13748324,223565,12896777,627982
2021-06-17,USA,29658,523,39223,13777982,224088,12936000,617894
2021-06-18,USA,26446,590,45663,13804428,224678,12981663,598087
2021-06-19,USA,22652,435,41403,13827080,225113,13023066,578901
2021-06-20,USA,26177,452,39608,13853257,225565,13062674,565018
2021-06-21,USA,27362,435,32066,13880619,226000,13094740,559879
2021-06-22,USA,32571,786,29394,13913190,226786,13124134,562270
2021-06-23,USA,25224,387,29721,13938414,227173,13153855,557386
2021-06-24,USA,19160,400,34944,13957574,227573,13188799,541202
2021-06-25,USA,15539,353,26987,13973113,227926,13215786,529401
2021-06-26,USA,14418,436,28486,13987531,228362,13244272,514897
2021-06-27,USA,18100,376,27419,14005631,228738,13271691,505202
2021-06-28,USA,17751,549,26345,14023382,229287,13298036,496059
2021-06-29,USA,16297,311,21682,14039679,229598,13319718,490363
2021-06-30,USA,15360,364,27959,14055039,229962,13347677,477400
2021-07-01,USA,12302,304,26132,14067341,230266,13373809,463266
2021-07-02,USA,13209,464,25724,14080550,230730,13399533,450287
2021-07-03,USA,12181,211,27270,14092731,230941,13426803,434987
2021-07-04,USA,12172,340,16727,14104903,231281,13443530,430092
2021-07-05,USA,14368,376,13942,14119271,231657,13457472,430142
2021-07-06,USA,12510,430,13016,14131781,232087,13470488,429206
2021-07-07,USA,10138,295,19764,14141919,232382,13490252,419285
2021-07-08,USA,10098,226,13401,14152017,232608,13503653,415756
2021-07-09,USA,8068,189,20554,14160085,232797,13524207,403081
2021-07-10,USA,6895,169,16302,14166980,232966,13540509,393505
2021-07-11,USA,7881,260,12073,14174861,233226,13552582,389053
2021-07-12,USA,7805,308,12611,14182666,233534,13565193,383939
2021-07-13,USA,7183,173,12027,14189849,233707,13577220,378922
2021-07-14,USA,7554,133,12294,14197403,233840,13589514,374049
2021-07-15,USA,6664,144,14683,14204067,233984,13604197,365886
2021-07-16,USA,4386,238,12676,14208453,234222,13616873,357358
2021-07-17,USA,4989,121,9819,14213442,234343,13626692,352407
2021-07-18,USA,4789,192,9502,14218231,234535,13636194,347502
2021-07-19,USA,5063,227,7628,14223294,234762,13643822,344710
2021-07-20,USA,4802,131,6490,14228096,234893,13650312,342891
2021-07-21,USA,4063,133,8423,14232159,235026,13658735,338398
2021-07-22,USA,3581,157,7937,14235740,235183,13666672,333885
2021-07-23,USA,2829,87,4868,14238569,235270,13671540,331759
2021-07-24,USA,2975,77,7727,14241544,235347,13679267,326930
2021-07-25,USA,3052,81,6522,14244596,235428,13685789,323379
2021-07-26,USA,3117,72,4202,14247713,235500,13689991,322222
2021-07-27,USA,2804,72,4603,14250517,235572,13694594,320351
2021-07-28,USA,2483,66,5114,14253000,235638,13699708,317654
2021-07-29,USA,2243,77,5321,14255243,235715,13705029,314499
2021-07-30,USA,1859,42,4253,14257102,235757,13709282,312063
2021-07-31,USA,1574,60,4059,14258676,235817,13713341,309518
2021-08-01,USA,1802,37,3103,14260478,235854,13716444,308180
2021-08-02,USA,1954,62,2341,14262432,235916,13718785,307731
2021-08-03,USA,1511,64,2677,14263943,235980,13721462,306501
2021-08-04,USA,1559,27,3182,14265502,236007,13724644,304851
2021-08-05,USA,1144,43,3277,14266646,236050,13727921,302675
2021-08-06,USA,1061,40,2829,14267707,236090,13730750,300867
2021-08-07,USA,907,25,2556,14268614,236115,13733306,299193
2021-08-08,USA,860,46,2264,14269474,236161,13735570,297743
2021-08-09,USA,898,38,1670,14270372,236199,13737240,296933
2021-08-10,USA,977,27,1576,14271349,236226,13738816,296307
2021-08-11,USA,848,27,1868,14272197,236253,13740684,295260
2021-08-12,USA,621,28,2017,14272818,236281,13742701,293836
2021-08-13,USA,590,21,1623,14273408,236302,13744324,292782
2021-08-14,USA,462,19,1602,14273870,236321,13745926,291623
2021-08-15,USA,552,16,1136,14274422,236337,13747062,291023
2021-08-16,USA,515,22,1127,14274937,236359,13748189,290389
2021-08-17,USA,511,12,868,14275448,236371,13749057,290020
2021-08-18,USA,464,16,752,14275912,236387,13749809,289716
2021-08-19,USA,349,10,848,14276261,236397,13750657,289207
2021-08-20,USA,308,9,868,14276569,236406,13751525,288638
2021-08-21,USA,331,12,759,14276900,236418,13752284,288198
2021-08-22,USA,309,11,587,14277209,236429,13752871,287909
2021-08-23,USA,364,11,521,14277573,236440,13753392,287741
2021-08-24,USA,302,8,429,14277875,236448,13753821,287606
2021-08-25,USA,307,8,429,14278182,236456,13754250,287476
2021-08-26,USA,278,8,504,14278460,236464,13754754,287242
2021-08-27,USA,178,6,490,14278638,236470,13755244,286924
2021-08-28,USA,211,7,409,14278849,236477,13755653,286719
2021-08-29,USA,266,6,357,14279115,236483,13756010,286622
2021-08-30,USA,282,5,323,14279397,236488,13756333,286576
2021-08-31,USA,310,5,266,14279707,236493,13756599,286615
2021-09-01,USA,275,5,274,14279982,236498,13756873,286611
2021-09-02,USA,266,3,322,14280248,236501,13757195,286552
2021-09-03,USA,252,3,262,14280500,236504,13757457,286539
2021-09-04,USA,307,4,319,14280807,236508,13757776,286523
2021-09-05,USA,349,2,261,14281156,236510,13758037,286609
2021-09-06,USA,424,2,166,14281580,236512,13758203,286865
2021-09-07,USA,446,2,161,14282026,236514,13758364,287148
2021-09-08,USA,450,3,271,14282476,236517,13758635,287324
2021-09-09,USA,436,2,237,14282912,236519,13758872,287521
2021-09-10,USA,468,1,299,14283380,236520,13759171,287689
2021-09-11,USA,500,2,271,14283880,236522,13759442,287916
2021-09-12,USA,663,4,290,14284543,236526,13759732,288285
2021-09-13,USA,935,2,210,14285478,236528,13759942,289008
2021-09-14,USA,974,3,205,14286452,236531,13760147,289774
2021-09-15,USA,913,2,341,14287365,236533,13760488,290344
2021-09-16,USA,999,2,480,14288364,236535,13760968,290861
2021-09-17,USA,892,3,481,14289256,236538,13761449,291269
2021-09-18,USA,883,2,441,14290139,236540,13761890,291709
2021-09-19,USA,1216,3,397,14291355,236543,13762287,292525
2021-09-20,USA,1390,4,485,14292745,236547,13762772,293426
2021-09-21,USA,1802,3,433,14294547,236550,13763205,294792
2021-09-22,USA,1905,5,666,14296452,236555,13763871,296026
2021-09-23,USA,2090,4,942,14298542,236559,13764813,297170
2021-09-24,USA,1904,4,1034,14300446,236563,13765847,298036
2021-09-25,USA,2075,5,1118,14302521,236568,13766965,298988
2021-09-26,USA,2808,5,996,14305329,236573,13767961,300795
2021-09-27,USA,2662,9,812,14307991,236582,13768773,302636
2021-09-28,USA,3712,9,845,14311703,236591,13769618,305494
2021-09-29,USA,3943,11,960,14315646,236602,13770578,308466
2021-09-30,USA,3149,10,1241,14318795,236612,13771819,310364
2021-10-01,USA,3897,8,1659,14322692,236620,13773478,312594
2021-10-02,USA,4146,10,1732,14326838,236630,13775210,314998
2021-10-03,USA,4828,15,2036,14331666,236645,13777246,317775
2021-10-04,USA,6396,15,1677,14338062,236660,13778923,322479
2021-10-05,USA,8044,17,2215,14346106,236677,13781138,328291
2021-10-06,USA,6986,13,2695,14353092,236690,13783833,332569
2021-10-07,USA,6704,16,2553,14359796,236706,13786386,336704
2021-10-08,USA,6281,17,3446,14366077,236723,13789832,339522
2021-10-09,USA,6818,17,3844,14372895,236740,13793676,342479
2021-10-10,USA,9579,26,3272,14382474,236766,13796948,348760
2021-10-11,USA,10121,26,3416,14392595,236792,13800364,355439
2021-10-12,USA,12124,39,3718,14404719,236831,13804082,363806
2021-10-13,USA,11638,37,4494,14416357,236868,13808576,370913
2021-10-14,USA,11901,33,5313,14428258,236901,13813889,377468
2021-10-15,USA,11583,37,7089,14439841,236938,13820978,381925
2021-10-16,USA,13601,23,6387,14453442,236961,13827365,389116
2021-10-17,USA,14677,37,6998,14468119,236998,13834363,396758
2021-10-18,USA,17969,58,6188,14486088,237056,13840551,408481
2021-10-19,USA,18636,57,6671,14504724,237113,13847222,420389
2021-10-20,USA,19423,73,9978,14524147,237186,13857200,429761
2021-10-21,USA,19499,82,9582,14543646,237268,13866782,439596
2021-10-22,USA,19606,73,12093,14563252,237341,13878875,447036
2021-10-23,USA,18914,61,11057,14582166,237402,13889932,454832
2021-10-24,USA,26404,116,11728,14608570,237518,13901660,469392
2021-10-25,USA,32590,96,10471,14641160,237614,13912131,491415
2021-10-26,USA,33181,104,9872,14674341,237718,13922003,514620
2021-10-27,USA,36509,94,13900,14710850,237812,13935903,537135
2021-10-28,USA,27770,103,19704,14738620,237915,13955607,545098
2021-10-29,USA,25832,98,19547,14764452,238013,13975154,551285
2021-10-30,USA,26969,129,20446,14791421,238142,13995600,557679
2021-10-31,USA,42233,138,21032,14833654,238280,14016632,578742
2021-11-01,USA,46908,164,18988,14880562,238444,14035620,606498
2021-11-02,USA,48101,184,18515,14928663,238628,14054135,635900
2021-11-03,USA,48442,218,23782,14977105,238846,14077917,660342
2021-11-04,USA,39897,209,30297,15017002,239055,14108214,669733
2021-11-05,USA,50411,124,33815,15067413,239179,14142029,686205
2021-11-06,USA,46326,83,39268,15113739,239262,14181297,693180
2021-11-07,USA,55054,281,26287,15168793,239543,14207584,721666
2021-11-08,USA,67713,211,23682,15236506,239754,14231266,765486
2021-11-09,USA,71480,282,25891,15307986,240036,14257157,810793
2021-11-10,USA,68175,248,42981,15376161,240284,14300138,835739
2021-11-11,USA,57608,157,38529,15433769,240441,14338667,854661
2021-11-12,USA,60891,252,35573,15494660,240693,14374240,879727
2021-11-13,USA,72854,273,43944,15567514,240966,14418184,908364
2021-11-14,USA,82834,328,33625,15650348,241294,14451809,957245
2021-11-15,USA,98104,197,45935,15748452,241491,14497744,1009217
2021-11-16,USA,89063,374,43815,15837515,241865,14541559,1054091
2021-11-17,USA,82560,454,50456,15920075,242319,14592015,1085741
2021-11-18,USA,80863,243,74446,16000938,242562,14666461,1091915
2021-11-19,USA,77682,452,70862,16078620,243014,14737323,1098283
2021-11-20,USA,90058,398,67414,16168678,243412,14804737,1120529
2021-11-21,USA,83905,528,58744,16252583,243940,14863481,1145162
2021-11-22,USA,125748,594,51798,16378331,244534,14915279,1218518
2021-11-23,USA,117141,492,77207,16495472,245026,14992486,1257960
2021-11-24,USA,109780,720,78918,16605252,245746,15071404,1288102
2021-11-25,USA,94432,474,100494,16699684,246220,15171898,1281566
2021-11-26,USA,83749,513,76336,16783433,246733,15248234,1288466
2021-11-27,USA,109312,500,66942,16892745,247233,15315176,1330336
2021-11-28,USA,119956,635,83977,17012701,247868,15399153,1365680
2021-11-29,USA,122518,677,77381,17135219,248545,15476534,1410140
2021-11-30,USA,128674,719,78656,17263893,249264,15555190,1459439
2021-12-01,USA,132790,924,73543,17396683,250188,15628733,1517762
2021-12-02,USA,138746,487,134304,17535429,250675,15763037,1521717
2021-12-03,USA,111729,436,99079,17647158,251111,15862116,1533931
2021-12-04,USA,105821,963,122700,17752979,252074,15984816,1516089
2021-12-05,USA,136060,662,82490,17889039,252736,16067306,1568997
2021-12-06,USA,154316,894,85531,18043355,253630,16152837,1636888
2021-12-07,USA,128990,1158,101491,18172345,254788,16254328,1663229
2021-12-08,USA,154467,787,122103,18326812,255575,16376431,1694806
2021-12-09,USA,135534,1048,111217,18462346,256623,16487648,1718075
2021-12-10,USA,134834,771,121516,18597180,257394,16609164,1730622
2021-12-11,USA,153365,797,128000,18750545,258191,16737164,1755190
2021-12-12,USA,166745,1383,119847,18917290,259574,16857011,1800705
2021-12-13,USA,168808,864,115205,19086098,260438,16972216,1853444
2021-12-14,USA,162674,1182,96374,19248772,261620,17068590,1918562
2021-12-15,USA,201426,1122,127631,19450198,262742,17196221,1991235
2021-12-16,USA,148222,1390,133412,19598420,264132,17329633,2004655
2021-12-17,USA,135543,1162,92100,19733963,265294,17421733,2046936
2021-12-18,USA,140260,841,145455,19874223,266135,17567188,2040900
2021-12-19,USA,162174,909,161503,20036397,267044,17728691,2040662
2021-12-20,USA,176601,1322,139596,20212998,268366,17868287,2076345
2021-12-21,USA,174981,872,146946,20387979,269238,18015233,2103508
2021-12-22,USA,162867,1689,155866,20550846,270927,18171099,2108820
2021-12-23,USA,148863,1081,162419,20699709,272008,18333518,2094183
2021-12-24,USA,130011,967,164711,20829720,272975,18498229,2058516
2021-12-25,USA,132003,1227,170535,20961723,274202,18668764,2018757
2021-12-26,USA,159136,937,158149,21120859,275139,18826913,2018807
2021-12-27,USA,171649,1042,139429,21292508,276181,18966342,2049985
2021-12-28,USA,199946,1541,144319,21492454,277722,19110661,2104071
2021-12-29,USA,129582,1332,162513,21622036,279054,19273174,2069808
2021-12-30,USA,155491,889,169869,21777527,279943,19443043,2054541
2021-12-31,USA,142101,1134,179284,21919628,281077,19622327,2016224
2022-01-01,USA,110149,1307,165605,22029777,282384,19787932,1959461
2022-01-02,USA,143649,1392,137848,22173426,283776,19925780,1963870
2022-01-03,USA,157907,1584,117651,22331333,285360,20043431,2002542
2022-01-04,USA,145956,1107,128013,22477289,286467,20171444,2019378
2022-01-05,USA,141031,866,176435,22618320,287333,20347879,1983108
2022-01-06,USA,118227,1433,144364,22736547,288766,20492243,1955538
2022-01-07,USA,132648,897,163779,22869195,289663,20656022,1923510
2022-01-08,USA,126800,921,126448,22995995,290584,20782470,1922941
2022-01-09,USA,144242,1475,150030,23140237,292059,20932500,1915678
2022-01-10,USA,151407,1392,138781,23291644,293451,21071281,1926912
2022-01-11,USA,130580,1587,108322,23422224,295038,21179603,1947583
2022-01-12,USA,124769,1346,134825,23546993,296384,21314428,1936181
2022-01-13,USA,115860,978,174175,23662853,297362,21488603,1876888
2022-01-14,USA,89495,1212,117686,23752348,298574,21606289,1847485
2022-01-15,USA,105497,798,124172,23857845,299372,21730461,1828012
2022-01-16,USA,107792,1081,112325,23965637,300453,21842786,1822398
2022-01-17,USA,115656,1467,106417,24081293,301920,21949203,1830170
2022-01-18,USA,125389,1140,119587,24206682,303060,22068790,1834832
2022-01-19,USA,110600,1103,161479,24317282,304163,22230269,1782850
2022-01-20,USA,88108,1011,145654,24405390,305174,22375923,1724293
2022-01-21,USA,87520,862,128248,24492910,306036,22504171,1682703
2022-01-22,USA,73045,737,104684,24565955,306773,22608855,1650327
2022-01-23,USA,91677,794,104370,24657632,307567,22713225,1636840
2022-01-24,USA,98514,637,82691,24756146,308204,22795916,1652026
2022-01-25,USA,90561,1273,98059,24846707,309477,22893975,1643255
2022-01-26,USA,85113,669,116742,24931820,310146,23010717,1610957
2022-01-27,USA,62919,759,117221,24994739,310905,23127938,1555896
2022-01-28,USA,65770,577,106994,25060509,311482,23234932,1514095
2022-01-29,USA,59771,762,108793,25120280,312244,23343725,1464311
2022-01-30,USA,63027,850,88797,25183307,313094,23432522,1437691
2022-01-31,USA,76154,915,93598,25259461,314009,23526120,1419332
2022-02-01,USA,64952,745,81206,25324413,314754,23607326,1402333
2022-02-02,USA,54133,716,79076,25378546,315470,23686402,1376674
2022-02-03,USA,44671,621,86904,25423217,316091,23773306,1333820
2022-02-04,USA,46498,553,76005,25469715,316644,23849311,1303760
2022-02-05,USA,39126,639,79796,25508841,317283,23929107,1262451
2022-02-06,USA,53480,664,63219,25562321,317947,23992326,1252048
2022-02-07,USA,41424,742,69373,25603745,318689,24061699,1223357
2022-02-08,USA,54873,671,56944,25658618,319360,24118643,1220615
2022-02-09,USA,43210,685,58570,25701828,320045,24177213,1204570
2022-02-10,USA,34991,423,74217,25736819,320468,24251430,1164921
2022-02-11,USA,29086,315,57146,25765905,320783,24308576,1136546
2022-02-12,USA,30609,415,62826,25796514,321198,24371402,1103914
2022-02-13,USA,31568,351,35989,25828082,321549,24407391,1099142
2022-02-14,USA,36237,435,45462,25864319,321984,24452853,1089482
2022-02-15,USA,32412,461,45161,25896731,322445,24498014,1076272
2022-02-16,USA,28365,428,51375,25925096,322873,24549389,1052834
2022-02-17,USA,22409,283,39011,25947505,323156,24588400,1035949
2022-02-18,USA,19660,310,50795,25967165,323466,24639195,1004504
2022-02-19,USA,19584,328,40733,25986749,323794,24679928,983027
2022-02-20,USA,17475,349,38202,26004224,324143,24718130,961951
2022-02-21,USA,18847,390,21746,26023071,324533,24739876,958662
2022-02-22,USA,21422,377,33890,26044493,324910,24773766,945817
2022-02-23,USA,17747,172,25989,26062240,325082,24799755,937403
2022-02-24,USA,14095,246,33859,26076335,325328,24833614,917393
2022-02-25,USA,12164,191,29779,26088499,325519,24863393,899587
2022-02-26,USA,11988,234,28833,26100487,325753,24892226,882508
2022-02-27,USA,11729,216,18074,26112216,325969,24910300,875947
2022-02-28,USA,11902,212,19745,26124118,326181,24930045,867892
2022-03-01,USA,12243,146,22606,26136361,326327,24952651,857383
2020-03-01,India,1350,10,671,1350,10,671,669
2020-03-02,India,1890,14,907,3240,24,1578,1638
2020-03-03,India,1987,14,754,5227,38,2332,2857
2020-03-04,India,2210,17,1077,7437,55,3409,3973
2020-03-05,India,2057,20,1205,9494,75,4614,4805
2020-03-06,India,1944,17,899,11438,92,5513,5833
2020-03-07,India,2402,20,1069,13840,112,6582,7146
2020-03-08,India,3265,22,1625,17105,134,8207,8764
2020-03-09,India,3414,20,1689,20519,154,9896,10469
2020-03-10,India,4085,36,2194,24604,190,12090,12324
2020-03-11,India,3489,30,1132,28093,220,13222,14651
2020-03-12,India,3414,32,1947,31507,252,15169,16086
2020-03-13,India,3787,24,2020,35294,276,17189,17829
2020-03-14,India,4554,32,2091,39848,308,19280,20260
2020-03-15,India,5109,22,2041,44957,330,21321,23306
2020-03-16,India,5820,42,2058,50777,372,23379,27026
2020-03-17,India,6576,58,2507,57353,430,25886,31037
2020-03-18,India,5896,49,2776,63249,479,28662,34108
2020-03-19,India,6453,56,3546,69702,535,32208,36959
2020-03-20,India,6431,45,3896,76133,580,36104,39449
2020-03-21,India,6386,62,3373,82519,642,39477,42400
2020-03-22,India,7696,61,3301,90215,703,42778,46734
2020-03-23,India,9704,84,3580,99919,787,46358,52774
2020-03-24,India,9989,40,4892,109908,827,51250,57831
2020-03-25,India,10143,81,4863,120051,908,56113,63030
2020-03-26,India,11065,56,4961,131116,964,61074,69078
2020-03-27,India,8961,114,6064,140077,1078,67138,71861
2020-03-28,India,9687,127,5761,149764,1205,72899,75660
2020-03-29,India,11284,135,6956,161048,1340,79855,79853
2020-03-30,India,14816,184,6546,175864,1524,86401,87939
2020-03-31,India,14845,129,5609,190709,1653,92010,97046
2020-04-01,India,13911,192,9224,204620,1845,101234,101541
2020-04-02,India,14906,185,9562,219526,2030,110796,106700
2020-04-03,India,14326,147,10812,233852,2177,121608,110067
2020-04-04,India,13211,188,9589,247063,2365,131197,113501
2020-04-05,India,13930,144,11188,260993,2509,142385,116099
2020-04-06,India,20562,195,9324,281555,2704,151709,127142
2020-04-07,India,19159,210,10432,300714,2914,162141,135659
2020-04-08,India,20759,217,11978,321473,3131,174119,144223
2020-04-09,India,14942,209,15463,336415,3340,189582,143493
2020-04-10,India,17934,267,13802,354349,3607,203384,147358
2020-04-11,India,16125,219,12591,370474,3826,215975,150673
2020-04-12,India,22053,288,14785,392527,4114,230760,157653
2020-04-13,India,23966,313,15036,416493,4427,245796,166270
2020-04-14,India,23292,225,12400,439785,4652,258196,176937
2020-04-15,India,23237,349,14797,463022,5001,272993,185028
2020-04-16,India,22764,219,22606,485786,5220,295599,184967
2020-04-17,India,20307,335,16707,506093,5555,312306,188232
2020-04-18,India,22233,227,18260,528326,5782,330566,191978
2020-04-19,India,28384,461,14142,556710,6243,344708,205759
2020-04-20,India,24362,576,17746,581072,6819,362454,211799
2020-04-21,India,32759,463,14667,613831,7282,377121,229428
2020-04-22,India,27550,614,24033,641381,7896,401154,232331
2020-04-23,India,22527,293,23983,663908,8189,425137,230582
2020-04-24,India,20013,469,22448,683921,8658,447585,227678
2020-04-25,India,23008,395,19104,706929,9053,466689,231187
2020-04-26,India,28622,546,18977,735551,9599,485666,240286
2020-04-27,India,29644,707,20042,765195,10306,505708,249181
2020-04-28,India,34579,627,16791,799774,10933,522499,266342
2020-04-29,India,25398,576,30007,825172,11509,552506,261157
2020-04-30,India,25218,356,23017,850390,11865,575523,263002
2020-05-01,India,20725,384,41647,871115,12249,617170,241696
2020-05-02,India,24448,507,32551,895563,12756,649721,233086
2020-05-03,India,28708,675,21233,924271,13431,670954,239886
2020-05-04,India,28780,439,19008,953051,13870,689962,249219
2020-05-05,India,24015,1131,24286,977066,15001,714248,247817
2020-05-06,India,28385,835,32156,1005451,15836,746404,243211
2020-05-07,India,25120,586,23796,1030571,16422,770200,243949
2020-05-08,India,22609,471,27265,1053180,16893,797465,238822
2020-05-09,India,24546,511,22865,1077726,17404,820330,239992
2020-05-10,India,22789,537,25620,1100515,17941,845950,236624
2020-05-11,India,28873,696,20884,1129388,18637,866834,243917
2020-05-12,India,30212,840,25980,1159600,19477,892814,247309
2020-05-13,India,21546,440,24253,1181146,19917,917067,244162
2020-05-14,India,22132,620,21229,1203278,20537,938296,244445
2020-05-15,India,18478,462,25032,1221756,20999,963328,237429
2020-05-16,India,19294,348,24992,1241050,21347,988320,231383
2020-05-17,India,22023,546,19247,1263073,21893,1007567,233613
2020-05-18,India,22372,606,22019,1285445,22499,1029586,233360
2020-05-19,India,21933,759,25433,1307378,23258,1055019,229101
2020-05-20,India,20940,722,21610,1328318,23980,1076629,227709
2020-05-21,India,16197,421,26449,1344515,24401,1103078,217036
2020-05-22,India,14293,567,28541,1358808,24968,1131619,202221
2020-05-23,India,16460,387,19917,1375268,25355,1151536,198377
2020-05-24,India,15468,632,18382,1390736,25987,1169918,194831
2020-05-25,India,19275,595,16471,1410011,26582,1186389,197040
2020-05-26,India,18691,674,19487,1428702,27256,1205876,195570
2020-05-27,India,13837,619,21822,1442539,27875,1227698,186966
2020-05-28,India,12754,373,21838,1455293,28248,1249536,177509
2020-05-29,India,12890,302,18960,1468183,28550,1268496,171137
2020-05-30,India,10694,386,19737,1478877,28936,1288233,161708
2020-05-31,India,12056,601,12163,1490933,29537,1300396,161000
2020-06-01,India,13795,352,13966,1504728,29889,1314362,160477
2020-06-02,India,13770,214,18059,1518498,30103,1332421,155974
2020-06-03,India,11183,429,12660,1529681,30532,1345081,154068
2020-06-04,India,9028,405,17419,1538709,30937,1362500,145272
2020-06-05,India,9112,398,18533,1547821,31335,1381033,135453
2020-06-06,India,9090,335,14947,1556911,31670,1395980,129261
2020-06-07,India,9182,318,11695,1566093,31988,1407675,126430
2020-06-08,India,9009,531,11517,1575102,32519,1419192,123391
2020-06-09,India,8062,262,8244,1583164,32781,1427436,122947
2020-06-10,India,7010,285,11693,1590174,33066,1439129,117979
2020-06-11,India,6428,295,15947,1596602,33361,1455076,108165
2020-06-12,India,5443,313,13585,1602045,33674,1468661,99710
2020-06-13,India,5652,214,10711,1607697,33888,1479372,94437
2020-06-14,India,5644,270,8946,1613341,34158,1488318,90865
2020-06-15,India,4907,154,8737,1618248,34312,1497055,86881
2020-06-16,India,5764,265,8016,1624012,34577,1505071,84364
2020-06-17,India,4218,270,9540,1628230,34847,1514611,78772
2020-06-18,India,3613,160,8843,1631843,35007,1523454,73382
2020-06-19,India,3213,204,7753,1635056,35211,1531207,68638
2020-06-20,India,3490,218,6073,1638546,35429,1537280,65837
2020-06-21,India,3929,188,6975,1642475,35617,1544255,62603
2020-06-22,India,3398,205,5572,1645873,35822,1549827,60224
2020-06-23,India,3017,143,5125,1648890,35965,1554952,57973
2020-06-24,India,2729,147,5961,1651619,36112,1560913,54594
2020-06-25,India,2261,158,4476,1653880,36270,1565389,52221
2020-06-26,India,1726,123,5100,1655606,36393,1570489,48724
2020-06-27,India,1922,109,3741,1657528,36502,1574230,46796
2020-06-28,India,1780,129,2854,1659308,36631,1577084,45593
2020-06-29,India,1863,122,3229,1661171,36753,1580313,44105
2020-06-30,India,1777,74,2736,1662948,36827,1583049,43072
2020-07-01,India,1488,113,3308,1664436,36940,1586357,41139
2020-07-02,India,1240,73,2585,1665676,37013,1588942,39721
2020-07-03,India,928,75,2871,1666604,37088,1591813,37703
2020-07-04,India,890,94,2580,1667494,37182,1594393,35919
2020-07-05,India,890,61,2099,1668384,37243,1596492,34649
2020-07-06,India,1046,63,1484,1669430,37306,1597976,34148
2020-07-07,India,1026,61,1628,1670456,37367,1599604,33485
2020-07-08,India,870,49,1788,1671326,37416,1601392,32518
2020-07-09,India,786,65,1690,1672112,37481,1603082,31549
2020-07-10,India,599,30,1759,1672711,37511,1604841,30359
2020-07-11,India,622,36,1302,1673333,37547,1606143,29643
2020-07-12,India,586,39,1211,1673919,37586,1607354,28979
2020-07-13,India,672,30,1006,1674591,37616,1608360,28615
2020-07-14,India,734,35,904,1675325,37651,1609264,28410
2020-07-15,India,679,33,819,1676004,37684,1610083,28237
2020-07-16,India,541,24,1029,1676545,37708,1611112,27725
2020-07-17,India,504,19,961,1677049,37727,1612073,27249
2020-07-18,India,465,17,835,1677514,37744,1612908,26862
2020-07-19,India,593,13,729,1678107,37757,1613637,26713
2020-07-20,India,750,23,565,1678857,37780,1614202,26875
2020-07-21,India,775,29,609,1679632,37809,1614811,27012
2020-07-22,India,743,18,506,1680375,37827,1615317,27231
2020-07-23,India,656,17,579,1681031,37844,1615896,27291
2020-07-24,India,626,14,606,1681657,37858,1616502,27297
2020-07-25,India,644,9,547,1682301,37867,1617049,27385
2020-07-26,India,857,16,456,1683158,37883,1617505,27770
2020-07-27,India,991,14,491,1684149,37897,1617996,28256
2020-07-28,India,1083,20,406,1685232,37917,1618402,28913
2020-07-29,India,984,12,598,1686216,37929,1619000,29287
2020-07-30,India,792,15,722,1687008,37944,1619722,29342
2020-07-31,India,1011,12,597,1688019,37956,1620319,29744
2020-08-01,India,983,10,759,1689002,37966,1621078,29958
2020-08-02,India,1147,13,680,1690149,37979,1621758,30412
2020-08-03,India,1546,14,541,1691695,37993,1622299,31403
2020-08-04,India,1549,20,644,1693244,38013,1622943,32288
2020-08-05,India,1716,15,752,1694960,38028,1623695,33237
2020-08-06,India,1550,8,960,1696510,38036,1624655,33819
2020-08-07,India,1514,10,908,1698024,38046,1625563,34415
2020-08-08,India,1406,12,775,1699430,38058,1626338,35034
2020-08-09,India,2085,18,731,1701515,38076,1627069,36370
2020-08-10,India,2304,20,958,1703819,38096,1628027,37696
2020-08-11,India,2387,27,906,1706206,38123,1628933,39150
2020-08-12,India,2454,12,970,1708660,38135,1629903,40622
2020-08-13,India,1938,16,1424,1710598,38151,1631327,41120
2020-08-14,India,2260,13,1527,1712858,38164,1632854,41840
2020-08-15,India,2200,23,1639,1715058,38187,1634493,42378
2020-08-16,India,2566,23,1515,1717624,38210,1636008,43406
2020-08-17,India,2989,34,1356,1720613,38244,1637364,45005
2020-08-18,India,4024,26,1507,1724637,38270,1638871,47496
2020-08-19,India,3448,44,1766,1728085,38314,1640637,49134
2020-08-20,India,3781,38,2319,1731866,38352,1642956,50558
2020-08-21,India,3109,34,2562,1734975,38386,1645518,51071
2020-08-22,India,3060,28,2469,1738035,38414,1647987,51634
2020-08-23,India,3857,47,1822,1741892,38461,1649809,53622
2020-08-24,India,5482,40,2054,1747374,38501,1651863,57010
2020-08-25,India,5325,57,2330,1752699,38558,1654193,59948
2020-08-26,India,5044,66,2112,1757743,38624,1656305,62814
2020-08-27,India,4935,47,2591,1762678,38671,1658896,65111
2020-08-28,India,4867,39,3709,1767545,38710,1662605,66230
2020-08-29,India,5539,47,3719,1773084,38757,1666324,68003
2020-08-30,India,6751,38,3767,1779835,38795,1670091,70949
2020-08-31,India,6890,67,2695,1786725,38862,1672786,75077
2020-09-01,India,6825,88,2846,1793550,38950,1675632,78968
2020-09-02,India,7191,43,3475,1800741,38993,1679107,82641
2020-09-03,India,6982,58,4889,1807723,39051,1683996,84676
2020-09-04,India,6035,59,5612,1813758,39110,1689608,85040
2020-09-05,India,6533,57,4178,1820291,39167,1693786,87338
2020-09-06,India,8611,58,5499,1828902,39225,1699285,90392
2020-09-07,India,9747,118,5059,1838649,39343,1704344,94962
2020-09-08,India,10512,112,5897,1849161,39455,1710241,99465
2020-09-09,India,9552,96,6180,1858713,39551,1716421,102741
2020-09-10,India,9139,83,6515,1867852,39634,1722936,105282
2020-09-11,India,8208,117,5612,1876060,39751,1728548,107761
2020-09-12,India,10227,146,6541,1886287,39897,1735089,111301
2020-09-13,India,12193,121,7033,1898480,40018,1742122,116340
2020-09-14,India,11157,120,6544,1909637,40138,1748666,120833
2020-09-15,India,12926,148,5577,1922563,40286,1754243,128034
2020-09-16,India,11870,132,7964,1934433,40418,1762207,131808
2020-09-17,India,11653,134,9215,1946086,40552,1771422,134112
2020-09-18,India,11573,136,8682,1957659,40688,1780104,136867
2020-09-19,India,11045,79,9712,1968704,40767,1789816,138121
2020-09-20,India,13590,214,8138,1982294,40981,1797954,143359
2020-09-21,India,15618,194,7725,1997912,41175,1805679,151058
2020-09-22,India,18337,189,9374,2016249,41364,1815053,159832
2020-09-23,India,17437,184,10781,2033686,41548,1825834,166304
2020-09-24,India,14830,177,10703,2048516,41725,1836537,170254
2020-09-25,India,15063,105,12141,2063579,41830,1848678,173071
2020-09-26,India,15165,259,10971,2078744,42089,1859649,177006
2020-09-27,India,18139,240,10371,2096883,42329,1870020,184534
2020-09-28,India,24228,236,11465,2121111,42565,1881485,197061
2020-09-29,India,25019,299,12356,2146130,42864,1893841,209425
2020-09-30,India,19380,183,13228,2165510,43047,1907069,215394
2020-10-01,India,20843,247,16486,2186353,43294,1923555,219504
2020-10-02,India,19555,212,15156,2205908,43506,1938711,223691
2020-10-03,India,17729,250,17003,2223637,43756,1955714,224167
2020-10-04,India,24214,151,12674,2247851,43907,1968388,235556
2020-10-05,India,29282,295,12324,2277133,44202,1980712,252219
2020-10-06,India,24987,311,13481,2302120,44513,1994193,263414
2020-10-07,India,24242,365,19488,2326362,44878,2013681,267803
2020-10-08,India,25456,312,25468,2351818,45190,2039149,267479
2020-10-09,India,22498,248,24601,2374316,45438,2063750,265128
2020-10-10,India,24335,249,15753,2398651,45687,2079503,273461
2020-10-11,India,27748,340,19616,2426399,46027,2099119,281253
2020-10-12,India,31822,380,19339,2458221,46407,2118458,293356
2020-10-13,India,28914,558,17318,2487135,46965,2135776,304394
2020-10-14,India,33264,342,18959,2520399,47307,2154735,318357
2020-10-15,India,30067,166,25607,2550466,47473,2180342,322651
2020-10-16,India,25137,344,23833,2575603,47817,2204175,323611
2020-10-17,India,26891,267,24520,2602494,48084,2228695,325715
2020-10-18,India,27325,309,19070,2629819,48393,2247765,333661
2020-10-19,India,36874,417,21247,2666693,48810,2269012,348871
2020-10-20,India,38656,483,23695,2705349,49293,2292707,363349
2020-10-21,India,34747,580,28901,2740096,49873,2321608,368615
2020-10-22,India,33947,510,32665,2774043,50383,2354273,369387
2020-10-23,India,28109,372,29374,2802152,50755,2383647,367750
2020-10-24,India,31671,500,29378,2833823,51255,2413025,369543
2020-10-25,India,31975,473,23357,2865798,51728,2436382,377688
2020-10-26,India,39350,514,23183,2905148,52242,2459565,393341
2020-10-27,India,40396,417,28401,2945544,52659,2487966,404919
2020-10-28,India,39228,404,29887,2984772,53063,2517853,413856
2020-10-29,India,33206,518,37914,3017978,53581,2555767,408630
2020-10-30,India,31259,484,38703,3049237,54065,2594470,400702
2020-10-31,India,35182,491,34623,3084419,54556,2629093,400770
2020-11-01,India,36431,466,30776,3120850,55022,2659869,405959
2020-11-02,India,37091,556,26633,3157941,55578,2686502,415861
2020-11-03,India,50198,805,35478,3208139,56383,2721980,429776
2020-11-04,India,45795,474,27802,3253934,56857,2749782,447295
2020-11-05,India,32690,726,43875,3286624,57583,2793657,435384
2020-11-06,India,35363,415,37531,3321987,57998,2831188,432801
2020-11-07,India,33454,496,42650,3355441,58494,2873838,423109
2020-11-08,India,40535,416,27393,3395976,58910,2901231,435835
2020-11-09,India,45611,651,31766,3441587,59561,2932997,449029
2020-11-10,India,45043,887,31286,3486630,60448,2964283,461899
2020-11-11,India,40117,794,30024,3526747,61242,2994307,471198
2020-11-12,India,35595,728,36385,3562342,61970,3030692,469680
2020-11-13,India,31954,632,53054,3594296,62602,3083746,447948
2020-11-14,India,33331,501,40248,3627627,63103,3123994,440530
2020-11-15,India,40271,621,26678,3667898,63724,3150672,453502
2020-11-16,India,42661,570,33636,3710559,64294,3184308,461957
2020-11-17,India,48943,1157,31835,3759502,65451,3216143,477908
2020-11-18,India,48211,633,41047,3807713,66084,3257190,484439
2020-11-19,India,36008,699,47944,3843721,66783,3305134,471804
2020-11-20,India,35067,755,42984,3878788,67538,3348118,463132
2020-11-21,India,36894,827,45658,3915682,68365,3393776,453541
2020-11-22,India,41564,672,34937,3957246,69037,3428713,459496
2020-11-23,India,44839,940,29613,4002085,69977,3458326,473782
2020-11-24,India,48214,1182,26841,4050299,71159,3485167,493973
2020-11-25,India,43688,632,37644,4093987,71791,3522811,499385
2020-11-26,India,33072,443,39576,4127059,72234,3562387,492438
2020-11-27,India,35617,357,51497,4162676,72591,3613884,476201
2020-11-28,India,36613,682,48423,4199289,73273,3662307,463709
2020-11-29,India,36082,449,30490,4235371,73722,3692797,468852
2020-11-30,India,42705,705,34244,4278076,74427,3727041,476608
2020-12-01,India,45654,949,37796,4323730,75376,3764837,483517
2020-12-02,India,39170,890,45998,4362900,76266,3810835,475799
2020-12-03,India,37583,695,46865,4400483,76961,3857700,465822
2020-12-04,India,37178,650,49807,4437661,77611,3907507,452543
2020-12-05,India,29948,821,42192,4467609,78432,3949699,439478
2020-12-06,India,31816,595,32981,4499425,79027,3982680,437718
2020-12-07,India,40417,685,38464,4539842,79712,4021144,438986
2020-12-08,India,42251,719,30463,4582093,80431,4051607,450055
2020-12-09,India,35927,898,33428,4618020,81329,4085035,451656
2020-12-10,India,35348,687,37829,4653368,82016,4122864,448488
2020-12-11,India,25432,682,45489,4678800,82698,4168353,427749
2020-12-12,India,30596,794,42229,4709396,83492,4210582,415322
2020-12-13,India,30742,483,33925,4740138,83975,4244507,411656
2020-12-14,India,40372,996,27159,4780510,84971,4271666,423873
2020-12-15,India,41481,1041,27564,4821991,86012,4299230,436749
2020-12-16,India,30645,784,33333,4852636,86796,4332563,433277
2020-12-17,India,26890,888,40886,4879526,87684,4373449,418393
2020-12-18,India,26927,432,42297,4906453,88116,4415746,402591
2020-12-19,India,24746,465,33524,4931199,88581,4449270,393348
2020-12-20,India,28241,470,29593,4959440,89051,4478863,391526
2020-12-21,India,31074,801,25672,4990514,89852,4504535,396127
2020-12-22,India,26355,577,26921,5016869,90429,4531456,394984
2020-12-23,India,28269,714,35958,5045138,91143,4567414,386581
2020-12-24,India,22947,776,40968,5068085,91919,4608382,367784
2020-12-25,India,20817,498,37509,5088902,92417,4645891,350594
2020-12-26,India,24411,555,27620,5113313,92972,4673511,346830
2020-12-27,India,21768,423,25574,5135081,93395,4699085,342601
2020-12-28,India,28098,574,25230,5163179,93969,4724315,344895
2020-12-29,India,25807,887,26409,5188986,94856,4750724,343406
2020-12-30,India,23375,605,27616,5212361,95461,4778340,338560
2020-12-31,India,21745,455,27648,5234106,95916,4805988,332202
2021-01-01,India,18687,420,30083,5252793,96336,4836071,320386
2021-01-02,India,19151,250,27272,5271944,96586,4863343,312015
2021-01-03,India,21761,376,23722,5293705,96962,4887065,309678
2021-01-04,India,21378,728,18768,5315083,97690,4905833,311560
2021-01-05,India,20845,331,24285,5335928,98021,4930118,307789
2021-01-06,India,18091,496,21547,5354019,98517,4951665,303837
2021-01-07,India,15796,465,21876,5369815,98982,4973541,297292
2021-01-08,India,18563,262,29767,5388378,99244,5003308,285826
2021-01-09,India,16604,425,25336,5404982,99669,5028644,276669
2021-01-10,India,14838,434,20046,5419820,100103,5048690,271027
2021-01-11,India,16165,472,15962,5435985,100575,5064652,270758
2021-01-12,India,18736,680,19023,5454721,101255,5083675,269791
2021-01-13,India,17024,260,21071,5471745,101515,5104746,265484
2021-01-14,India,14547,439,21252,5486292,101954,5125998,258340
2021-01-15,India,12140,300,20394,5498432,102254,5146392,249786
2021-01-16,India,12359,367,18246,5510791,102621,5164638,243532
2021-01-17,India,14151,393,17358,5524942,103014,5181996,239932
2021-01-18,India,15138,302,18832,5540080,103316,5200828,235936
2021-01-19,India,12390,361,14266,5552470,103677,5215094,233699
2021-01-20,India,13435,188,16185,5565905,103865,5231279,230761
2021-01-21,India,10960,292,18064,5576865,104157,5249343,223365
2021-01-22,India,10676,324,23656,5587541,104481,5272999,210061
2021-01-23,India,13239,308,14506,5600780,104789,5287505,208486
2021-01-24,India,12255,295,14304,5613035,105084,5301809,206142
2021-01-25,India,12774,284,9227,5625809,105368,5311036,209405
2021-01-26,India,14246,316,12520,5640055,105684,5323556,210815
2021-01-27,India,12664,229,12840,5652719,105913,5336396,210410
2021-01-28,India,10965,203,17327,5663684,106116,5353723,203845
2021-01-29,India,10092,244,10973,5673776,106360,5364696,202720
2021-01-30,India,11540,259,10718,5685316,106619,5375414,203283
2021-01-31,India,10194,219,10025,5695510,106838,5385439,203233
2021-02-01,India,13008,247,8224,5708518,107085,5393663,207770
2021-02-02,India,11946,164,13664,5720464,107249,5407327,205888
2021-02-03,India,12598,268,9335,5733062,107517,5416662,208883
2021-02-04,India,9895,200,12297,5742957,107717,5428959,206281
2021-02-05,India,9534,238,10834,5752491,107955,5439793,204743
2021-02-06,India,10096,175,11768,5762587,108130,5451561,202896
2021-02-07,India,12836,182,12256,5775423,108312,5463817,203294
2021-02-08,India,14550,214,10037,5789973,108526,5473854,207593
2021-02-09,India,12786,257,10121,5802759,108783,5483975,210001
2021-02-10,India,13565,193,9755,5816324,108976,5493730,213618
2021-02-11,India,11468,144,12510,5827792,109120,5506240,212432
2021-02-12,India,10260,189,12010,5838052,109309,5518250,210493
2021-02-13,India,11932,210,10440,5849984,109519,5528690,211775
2021-02-14,India,13834,132,10062,5863818,109651,5538752,215415
2021-02-15,India,19541,262,6677,5883359,109913,5545429,228017
2021-02-16,India,17961,233,9081,5901320,110146,5554510,236664
2021-02-17,India,14858,204,11720,5916178,110350,5566230,239598
2021-02-18,India,14503,158,14852,5930681,110508,5581082,239091
2021-02-19,India,15563,166,12302,5946244,110674,5593384,242186
2021-02-20,India,18021,131,11192,5964265,110805,5604576,248884
2021-02-21,India,15864,202,9924,5980129,111007,5614500,254622
2021-02-22,India,17924,129,10045,5998053,111136,5624545,262372
2021-02-23,India,25869,235,11364,6023922,111371,5635909,276642
2021-02-24,India,22421,145,12511,6046343,111516,5648420,286407
2021-02-25,India,18473,232,17857,6064816,111748,5666277,286791
2021-02-26,India,19664,149,18442,6084480,111897,5684719,287864
2021-02-27,India,16005,177,13525,6100485,112074,5698244,290167
2021-02-28,India,23906,187,13800,6124391,112261,5712044,300086
2021-03-01,India,28499,285,18182,6152890,112546,5730226,310118
2021-03-02,India,31816,356,14837,6184706,112902,5745063,326741
2021-03-03,India,26295,115,12409,6211001,113017,5757472,340512
2021-03-04,India,26283,280,18555,6237284,113297,5776027,347960
2021-03-05,India,22930,255,23148,6260214,113552,5799175,347487
2021-03-06,India,27130,210,20839,6287344,113762,5820014,353568
2021-03-07,India,29022,191,16348,6316366,113953,5836362,366051
2021-03-08,India,35051,366,18387,6351417,114319,5854749,382349
2021-03-09,India,35474,320,17820,6386891,114639,5872569,399683
2021-03-10,India,39049,263,24790,6425940,114902,5897359,413679
2021-03-11,India,36060,345,29718,6462000,115247,5927077,419676
2021-03-12,India,31296,319,26217,6493296,115566,5953294,424436
2021-03-13,India,34216,197,22337,6527512,115763,5975631,436118
2021-03-14,India,35319,378,18068,6562831,116141,5993699,452991
2021-03-15,India,45004,342,20231,6607835,116483,6013930,477422
2021-03-16,India,48640,586,28536,6656475,117069,6042466,496940
2021-03-17,India,56631,480,29301,6713106,117549,6071767,523790
2021-03-18,India,38596,437,32903,6751702,117986,6104670,529046
2021-03-19,India,44524,369,33979,6796226,118355,6138649,539222
2021-03-20,India,45804,550,34904,6842030,118905,6173553,549572
2021-03-21,India,50545,434,35326,6892575,119339,6208879,564357
2021-03-22,India,64763,400,32345,6957338,119739,6241224,596375
2021-03-23,India,61609,577,27539,7018947,120316,6268763,629868
2021-03-24,India,58834,824,34922,7077781,121140,6303685,652956
2021-03-25,India,51147,427,47232,7128928,121567,6350917,656444
2021-03-26,India,52775,431,44756,7181703,121998,6395673,664032
2021-03-27,India,55358,549,58175,7237061,122547,6453848,660666
2021-03-28,India,56040,516,47481,7293101,123063,6501329,668709
2021-03-29,India,60275,534,42297,7353376,123597,6543626,686153
2021-03-30,India,69480,878,45701,7422856,124475,6589327,709054
2021-03-31,India,62703,1220,44941,7485559,125695,6634268,725596
2021-04-01,India,59674,589,63299,7545233,126284,6697567,721382
2021-04-02,India,61349,534,61866,7606582,126818,6759433,720331
2021-04-03,India,56626,462,57581,7663208,127280,6817014,718914
2021-04-04,India,67521,776,44094,7730729,128056,6861108,741565
2021-04-05,India,77323,1153,51709,7808052,129209,6912817,766026
2021-04-06,India,85662,982,60914,7893714,130191,6973731,789792
2021-04-07,India,62063,854,56211,7955777,131045,7029942,794790
2021-04-08,India,64096,654,63430,8019873,131699,7093372,794802
2021-04-09,India,63400,597,65119,8083273,132296,7158491,792486
2021-04-10,India,71543,934,64708,8154816,133230,7223199,798387
2021-04-11,India,71879,956,58886,8226695,134186,7282085,810424
2021-04-12,India,71831,599,53294,8298526,134785,7335379,828362
2021-04-13,India,91937,1316,56092,8390463,136101,7391471,862891
2021-04-14,India,77980,1003,58391,8468443,137104,7449862,881477
2021-04-15,India,65810,1094,69532,8534253,138198,7519394,876661
2021-04-16,India,63590,641,83792,8597843,138839,7603186,855818
2021-04-17,India,68654,587,61351,8666497,139426,7664537,862534
2021-04-18,India,75580,933,54214,8742077,140359,7718751,882967
2021-04-19,India,73466,1210,67278,8815543,141569,7786029,887945
2021-04-20,India,98525,1653,72609,8914068,143222,7858638,912208
2021-04-21,India,94475,1003,64140,9008543,144225,7922778,941540
2021-04-22,India,79401,862,58354,9087944,145087,7981132,961725
2021-04-23,India,62770,711,86980,9150714,145798,8068112,936804
2021-04-24,India,70332,1256,71522,9221046,147054,8139634,934358
2021-04-25,India,80971,816,63892,9302017,147870,8203526,950621
2021-04-26,India,94810,1337,58829,9396827,149207,8262355,985265
2021-04-27,India,97663,1215,52677,9494490,150422,8315032,1029036
2021-04-28,India,80916,1438,69739,9575406,151860,8384771,1038775
2021-04-29,India,75737,1043,68371,9651143,152903,8453142,1045098
2021-04-30,India,70963,862,100577,9722106,153765,8553719,1014622
2021-05-01,India,78670,855,84363,9800776,154620,8638082,1008074
2021-05-02,India,83877,977,89020,9884653,155597,8727102,1001954
2021-05-03,India,93738,1105,48739,9978391,156702,8775841,1045848
2021-05-04,India,90434,1384,76371,10068825,158086,8852212,1058527
2021-05-05,India,92172,1149,75988,10160997,159235,8928200,1073562
2021-05-06,India,74446,1058,98841,10235443,160293,9027041,1048109
2021-05-07,India,60718,877,94504,10296161,161170,9121545,1013446
2021-05-08,India,74230,554,86531,10370391,161724,9208076,1000591
2021-05-09,India,78950,1211,69891,10449341,162935,9277967,1008439
2021-05-10,India,79635,1042,60640,10528976,163977,9338607,1026392
2021-05-11,India,80428,1025,86251,10609404,165002,9424858,1019544
2021-05-12,India,78494,730,79608,10687898,165732,9504466,1017700
2021-05-13,India,68808,660,91982,10756706,166392,9596448,993866
2021-05-14,India,60623,702,97536,10817329,167094,9693984,956251
2021-05-15,India,62244,914,79353,10879573,168008,9773337,938228
2021-05-16,India,76859,1577,75724,10956432,169585,9849061,937786
2021-05-17,India,80644,1132,54850,11037076,170717,9903911,962448
2021-05-18,India,75957,1261,70318,11113033,171978,9974229,966826
2021-05-19,India,73333,1338,76339,11186366,173316,10050568,962482
2021-05-20,India,53831,1025,64980,11240197,174341,10115548,950308
2021-05-21,India,54151,800,71197,11294348,175141,10186745,932462
2021-05-22,India,60785,754,85535,11355133,175895,10272280,906958
2021-05-23,India,57792,1358,71909,11412925,177253,10344189,891483
2021-05-24,India,59851,1443,57833,11472776,178696,10402022,892058
2021-05-25,India,60947,709,61207,11533723,179405,10463229,891089
2021-05-26,India,53200,827,71613,11586923,180232,10534842,871849
2021-05-27,India,46728,859,87920,11633651,181091,10622762,829798
2021-05-28,India,43024,646,71457,11676675,181737,10694219,800719
2021-05-29,India,39590,903,72031,11716265,182640,10766250,767375
2021-05-30,India,49190,863,57600,11765455,183503,10823850,758102
2021-05-31,India,57171,1517,47943,11822626,185020,10871793,765813
2021-06-01,India,49243,1232,67449,11871869,186252,10939242,746375
2021-06-02,India,53668,999,46989,11925537,187251,10986231,752055
2021-06-03,India,42367,847,66820,11967904,188098,11053051,726755
2021-06-04,India,38959,861,56328,12006863,188959,11109379,708525
2021-06-05,India,34107,701,49832,12040970,189660,11159211,692099
2021-06-06,India,42122,627,36380,12083092,190287,11195591,697214
2021-06-07,India,38831,787,39424,12121923,191074,11235015,695834
2021-06-08,India,45129,923,34054,12167052,191997,11269069,705986
2021-06-09,India,38268,705,44352,12205320,192702,11313421,699197
2021-06-10,India,33341,411,54130,12238661,193113,11367551,677997
2021-06-11,India,25430,463,51801,12264091,193576,11419352,651163
2021-06-12,India,25919,500,52590,12290010,194076,11471942,623992
2021-06-13,India,31852,619,41923,12321862,194695,11513865,613302
2021-06-14,India,30145,1017,33303,12352007,195712,11547168,609127
2021-06-15,India,33304,453,29858,12385311,196165,11577026,612120
2021-06-16,India,25482,751,47710,12410793,196916,11624736,589141
2021-06-17,India,25694,697,34537,12436487,197613,11659273,579601
2021-06-18,India,18960,717,50499,12455447,198330,11709772,547345
2021-06-19,India,21720,396,35844,12477167,198726,11745616,532825
2021-06-20,India,23648,583,32014,12500815,199309,11777630,523876
2021-06-21,India,22688,544,27025,12523503,199853,11804655,518995
2021-06-22,India,24615,588,28046,12548118,200441,11832701,514976
2021-06-23,India,21270,470,30239,12569388,200911,11862940,505537
2021-06-24,India,16671,453,27815,12586059,201364,11890755,493940
2021-06-25,India,13921,156,31793,12599980,201520,11922548,475912
2021-06-26,India,12552,366,25289,12612532,201886,11947837,462809
2021-06-27,India,16478,405,26864,12629010,202291,11974701,452018
2021-06-28,India,14876,357,18209,12643886,202648,11992910,448328
2021-06-29,India,16677,580,22141,12660563,203228,12015051,442284
2021-06-30,India,14271,272,26421,12674834,203500,12041472,429862
2021-07-01,India,12779,291,22610,12687613,203791,12064082,419740
2021-07-02,India,10221,326,24366,12697834,204117,12088448,405269
2021-07-03,India,9971,222,17317,12707805,204339,12105765,397701
2021-07-04,India,11604,257,11793,12719409,204596,12117558,397255
2021-07-05,India,11872,269,13883,12731281,204865,12131441,394975
2021-07-06,India,11473,350,11935,12742754,205215,12143376,394163
2021-07-07,India,10168,269,15004,12752922,205484,12158380,389058
2021-07-08,India,7106,150,14628,12760028,205634,12173008,381386
2021-07-09,India,7383,150,15913,12767411,205784,12188921,372706
2021-07-10,India,7099,133,15245,12774510,205917,12204166,364427
2021-07-11,India,6616,195,12373,12781126,206112,12216539,358475
2021-07-12,India,7406,194,9079,12788532,206306,12225618,356608
2021-07-13,India,7246,217,10519,12795778,206523,12236137,353118
2021-07-14,India,6261,110,10897,12802039,206633,12247034,348372
2021-07-15,India,5341,185,11997,12807380,206818,12259031,341531
2021-07-16,India,4954,128,10488,12812334,206946,12269519,335869
2021-07-17,India,4668,151,9126,12817002,207097,12278645,331260
2021-07-18,India,4069,150,6879,12821071,207247,12285524,328300
2021-07-19,India,4977,171,7096,12826048,207418,12292620,326010
2021-07-20,India,5019,148,7142,12831067,207566,12299762,323739
2021-07-21,India,4049,152,6180,12835116,207718,12305942,321456
2021-07-22,India,3490,92,5804,12838606,207810,12311746,319050
2021-07-23,India,3166,85,6655,12841772,207895,12318401,315476
2021-07-24,India,2836,121,6487,12844608,208016,12324888,311704
2021-07-25,India,2813,91,4974,12847421,208107,12329862,309452
2021-07-26,India,3099,96,4638,12850520,208203,12334500,307817
2021-07-27,India,2752,62,4923,12853272,208265,12339423,305584
2021-07-28,India,2347,54,3628,12855619,208319,12343051,304249
2021-07-29,India,1850,65,4040,12857469,208384,12347091,301994
2021-07-30,India,1809,58,4740,12859278,208442,12351831,299005
2021-07-31,India,1436,47,3698,12860714,208489,12355529,296696
2021-08-01,India,1806,48,3026,12862520,208537,12358555,295428
2021-08-02,India,1725,75,2986,12864245,208612,12361541,294092
2021-08-03,India,1394,65,2856,12865639,208677,12364397,292565
2021-08-04,India,1384,35,2697,12867023,208712,12367094,291217
2021-08-05,India,904,38,3066,12867927,208750,12370160,289017
2021-08-06,India,959,30,3121,12868886,208780,12373281,286825
2021-08-07,India,930,29,2175,12869816,208809,12375456,285551
2021-08-08,India,862,29,1825,12870678,208838,12377281,284559
2021-08-09,India,939,31,1648,12871617,208869,12378929,283819
2021-08-10,India,1013,23,1261,12872630,208892,12380190,283548
2021-08-11,India,717,25,1632,12873347,208917,12381822,282608
2021-08-12,India,551,18,1576,12873898,208935,12383398,281565
2021-08-13,India,565,8,1386,12874463,208943,12384784,280736
2021-08-14,India,555,22,1640,12875018,208965,12386424,279629
2021-08-15,India,500,24,805,12875518,208989,12387229,279300
2021-08-16,India,555,17,882,12876073,209006,12388111,278956
2021-08-17,India,537,15,887,12876610,209021,12388998,278591
2021-08-18,India,391,11,860,12877001,209032,12389858,278111
2021-08-19,India,325,13,925,12877326,209045,12390783,277498
2021-08-20,India,314,14,1097,12877640,209059,12391880,276701
2021-08-21,India,313,10,521,12877953,209069,12392401,276483
2021-08-22,India,305,11,402,12878258,209080,12392803,276375
2021-08-23,India,285,10,515,12878543,209090,12393318,276135
2021-08-24,India,346,8,591,12878889,209098,12393909,275882
2021-08-25,India,254,7,404,12879143,209105,12394313,275725
2021-08-26,India,218,6,372,12879361,209111,12394685,275565
2021-08-27,India,205,5,544,12879566,209116,12395229,275221
2021-08-28,India,228,5,384,12879794,209121,12395613,275060
2021-08-29,India,245,5,277,12880039,209126,12395890,275023
2021-08-30,India,267,5,271,12880306,209131,12396161,275014
2021-08-31,India,281,5,271,12880587,209136,12396432,275019
2021-09-01,India,261,3,296,12880848,209139,12396728,274981
2021-09-02,India,249,2,256,12881097,209141,12396984,274972
2021-09-03,India,183,2,348,12881280,209143,12397332,274805
2021-09-04,India,247,3,174,12881527,209146,12397506,274875
2021-09-05,India,314,1,191,12881841,209147,12397697,274997
2021-09-06,India,338,3,174,12882179,209150,12397871,275158
2021-09-07,India,428,4,213,12882607,209154,12398084,275369
2021-09-08,India,415,2,222,12883022,209156,12398306,275560
2021-09-09,India,463,1,276,12883485,209157,12398582,275746
2021-09-10,India,460,1,219,12883945,209158,12398801,275986
2021-09-11,India,448,2,251,12884393,209160,12399052,276181
2021-09-12,India,576,2,252,12884969,209162,12399304,276503
2021-09-13,India,717,2,208,12885686,209164,12399512,277010
2021-09-14,India,790,3,225,12886476,209167,12399737,277572
2021-09-15,India,856,3,311,12887332,209170,12400048,278114
2021-09-16,India,770,2,265,12888102,209172,12400313,278617
2021-09-17,India,754,1,312,12888856,209173,12400625,279058
2021-09-18,India,997,2,432,12889853,209175,12401057,279621
2021-09-19,India,1251,3,444,12891104,209178,12401501,280425
2021-09-20,India,1377,3,493,12892481,209181,12401994,281306
2021-09-21,India,1788,3,371,12894269,209184,12402365,282720
2021-09-22,India,1626,4,581,12895895,209188,12402946,283761
2021-09-23,India,1692,6,816,12897587,209194,12403762,284631
2021-09-24,India,1779,5,790,12899366,209199,12404552,285615
2021-09-25,India,1896,4,844,12901262,209203,12405396,286663
2021-09-26,India,2456,5,739,12903718,209208,12406135,288375
2021-09-27,India,2790,6,610,12906508,209214,12406745,290549
2021-09-28,India,3227,9,1086,12909735,209223,12407831,292681
2021-09-29,India,3287,7,1127,12913022,209230,12408958,294834
2021-09-30,India,3023,7,1388,12916045,209237,12410346,296462
2021-10-01,India,3168,7,1448,12919213,209244,12411794,298175
2021-10-02,India,3182,8,1376,12922395,209252,12413170,299973
2021-10-03,India,4318,8,1857,12926713,209260,12415027,302426
2021-10-04,India,5354,14,1648,12932067,209274,12416675,306118
2021-10-05,India,6001,17,2084,12938068,209291,12418759,310018
2021-10-06,India,6078,17,2339,12944146,209308,12421098,313740
2021-10-07,India,5887,14,2185,12950033,209322,12423283,317428
2021-10-08,India,6093,21,3374,12956126,209343,12426657,320126
2021-10-09,India,7044,15,2969,12963170,209358,12429626,324186
2021-10-10,India,7663,31,3104,12970833,209389,12432730,328714
2021-10-11,India,8837,17,3048,12979670,209406,12435778,334486
2021-10-12,India,9945,33,2583,12989615,209439,12438361,341815
2021-10-13,India,10466,34,4213,13000081,209473,12442574,348034
2021-10-14,India,10025,24,6268,13010106,209497,12448842,351767
2021-10-15,India,9528,32,6044,13019634,209529,12454886,355219
2021-10-16,India,10131,38,5801,13029765,209567,12460687,359511
2021-10-17,India,13269,22,6259,13043034,209589,12466946,366499
2021-10-18,India,16769,55,5972,13059803,209644,12472918,377241
2021-10-19,India,19064,28,6903,13078867,209672,12479821,389374
2021-10-20,India,17317,46,6553,13096184,209718,12486374,400092
2021-10-21,India,16472,73,8681,13112656,209791,12495055,407810
2021-10-22,India,15404,50,10535,13128060,209841,12505590,412629
2021-10-23,India,18332,50,9207,13146392,209891,12514797,421704
2021-10-24,India,20710,68,10994,13167102,209959,12525791,431352
2021-10-25,India,27675,116,9062,13194777,210075,12534853,449849
2021-10-26,India,24776,58,8862,13219553,210133,12543715,465705
2021-10-27,India,27746,76,14009,13247299,210209,12557724,479366
2021-10-28,India,27284,120,15636,13274583,210329,12573360,490894
2021-10-29,India,26199,120,19691,13300782,210449,12593051,497282
2021-10-30,India,34396,91,16139,13335178,210540,12609190,515448
2021-10-31,India,34897,91,15718,13370075,210631,12624908,534536
2021-11-01,India,36895,217,15517,13406970,210848,12640425,555697
2021-11-02,India,43152,228,18110,13450122,211076,12658535,580511
2021-11-03,India,36583,178,15914,13486705,211254,12674449,601002
2021-11-04,India,39205,124,23589,13525910,211378,12698038,616494
2021-11-05,India,35416,137,25995,13561326,211515,12724033,625778
2021-11-06,India,44289,159,26284,13605615,211674,12750317,643624
2021-11-07,India,46960,197,24820,13652575,211871,12775137,665567
2021-11-08,India,57059,319,21734,13709634,212190,12796871,700573
2021-11-09,India,58798,259,29454,13768432,212449,12826325,729658
2021-11-10,India,68663,193,26727,13837095,212642,12853052,771401
2021-11-11,India,53924,308,35060,13891019,212950,12888112,789957
2021-11-12,India,60552,246,38946,13951571,213196,12927058,811317
2021-11-13,India,60700,344,31725,14012271,213540,12958783,839948
2021-11-14,India,69902,396,37380,14082173,213936,12996163,872074
2021-11-15,India,80622,251,35236,14162795,214187,13031399,917209
2021-11-16,India,86207,374,51417,14249002,214561,13082816,951625
2021-11-17,India,68248,284,38265,14317250,214845,13121081,981324
2021-11-18,India,71876,233,61127,14389126,215078,13182208,991840
2021-11-19,India,74309,327,61938,14463435,215405,13244146,1003884
2021-11-20,India,74237,574,60780,14537672,215979,13304926,1016767
2021-11-21,India,77522,255,52819,14615194,216234,13357745,1041215
2021-11-22,India,100412,486,55469,14715606,216720,13413214,1085672
2021-11-23,India,121333,567,59354,14836939,217287,13472568,1147084
2021-11-24,India,112499,599,77233,14949438,217886,13549801,1181751
2021-11-25,India,92018,447,82084,15041456,218333,13631885,1191238
2021-11-26,India,93489,379,86967,15134945,218712,13718852,1197381
2021-11-27,India,89596,536,62698,15224541,219248,13781550,1223743
2021-11-28,India,92701,499,58760,15317242,219747,13840310,1257185
2021-11-29,India,113861,380,69849,15431103,220127,13910159,1300817
2021-11-30,India,145345,893,79866,15576448,221020,13990025,1365403
2021-12-01,India,120118,678,63055,15696566,221698,14053080,1421788
2021-12-02,India,108018,603,86224,15804584,222301,14139304,1442979
2021-12-03,India,100226,644,117950,15904810,222945,14257254,1424611
2021-12-04,India,124748,745,97364,16029558,223690,14354618,1451250
2021-12-05,India,141157,667,81336,16170715,224357,14435954,1510404
2021-12-06,India,167185,973,85947,16337900,225330,14521901,1590669
2021-12-07,India,146145,934,74266,16484045,226264,14596167,1661614
2021-12-08,India,142929,1158,80323,16626974,227422,14676490,1723062
2021-12-09,India,109198,796,116995,16736172,228218,14793485,1714469
2021-12-10,India,128530,787,121289,16864702,229005,14914774,1720923
2021-12-11,India,109009,540,96887,16973711,229545,15011661,1732505
2021-12-12,India,140051,789,97164,17113762,230334,15108825,1774603
2021-12-13,India,141637,762,103259,17255399,231096,15212084,1812219
2021-12-14,India,153058,1014,117399,17408457,232110,15329483,1846864
2021-12-15,India,140265,802,129215,17548722,232912,15458698,1857112
2021-12-16,India,126314,675,161209,17675036,233587,15619907,1821542
2021-12-17,India,116598,1131,115807,17791634,234718,15735714,1821202
2021-12-18,India,120930,1247,143999,17912564,235965,15879713,1796886
2021-12-19,India,153259,1538,108849,18065823,237503,15988562,1839758
2021-12-20,India,146585,991,118338,18212408,238494,16106900,1867014
2021-12-21,India,167970,1159,115175,18380378,239653,16222075,1918650
2021-12-22,India,168222,825,119289,18548600,240478,16341364,1966758
2021-12-23,India,128814,730,151307,18677414,241208,16492671,1943535
2021-12-24,India,115302,812,149205,18792716,242020,16641876,1908820
2021-12-25,India,123664,1049,130122,18916380,243069,16771998,1901313
2021-12-26,India,155416,991,121020,19071796,244060,16893018,1934718
2021-12-27,India,160150,1317,110733,19231946,245377,17003751,1982818
2021-12-28,India,153799,1310,130259,19385745,246687,17134010,2005048
2021-12-29,India,153744,1559,131287,19539489,248246,17265297,2025946
2021-12-30,India,117354,674,129991,19656843,248920,17395288,2012635
2021-12-31,India,122636,1103,177961,19779479,250023,17573249,1956207
2022-01-01,India,122733,1120,151875,19902212,251143,17725124,1925945
2022-01-02,India,129655,926,134797,20031867,252069,17859921,1919877
2022-01-03,India,136643,1317,129500,20168510,253386,17989421,1925703
2022-01-04,India,137528,1336,113947,20306038,254722,18103368,1947948
2022-01-05,India,141141,1193,159365,20447179,255915,18262733,1928531
2022-01-06,India,128261,796,136006,20575440,256711,18398739,1919990
2022-01-07,India,99367,728,158790,20674807,257439,18557529,1859839
2022-01-08,India,110066,1282,150537,20784873,258721,18708066,1818086
2022-01-09,India,98158,1138,117989,20883031,259859,18826055,1797117
2022-01-10,India,122803,1352,110130,21005834,261211,18936185,1808438
2022-01-11,India,128870,941,98252,21134704,262152,19034437,1838115
2022-01-12,India,108681,940,130732,21243385,263092,19165169,1815124
2022-01-13,India,92828,1031,104110,21336213,264123,19269279,1802811
2022-01-14,India,84504,644,127837,21420717,264767,19397116,1758834
2022-01-15,India,91923,807,148247,21512640,265574,19545363,1701703
2022-01-16,India,97432,932,125493,21610072,266506,19670856,1672710
2022-01-17,India,88093,994,113978,21698165,267500,19784834,1645831
2022-01-18,India,88661,940,116495,21786826,268440,19901329,1617057
2022-01-19,India,91457,1076,88069,21878283,269516,19989398,1619369
2022-01-20,India,84645,1028,118212,21962928,270544,20107610,1584774
2022-01-21,India,56239,799,123129,22019167,271343,20230739,1517085
2022-01-22,India,69088,617,87826,22088255,271960,20318565,1497730
2022-01-23,India,75324,644,80734,22163579,272604,20399299,1491676
2022-01-24,India,94047,1055,76574,22257626,273659,20475873,1508094
2022-01-25,India,81000,1049,70277,22338626,274708,20546150,1517768
2022-01-26,India,76941,542,93978,22415567,275250,20640128,1500189
2022-01-27,India,63637,681,82462,22479204,275931,20722590,1480683
2022-01-28,India,45723,348,70875,22524927,276279,20793465,1455183
2022-01-29,India,57957,631,91347,22582884,276910,20884812,1421162
2022-01-30,India,60220,911,87076,22643104,277821,20971888,1393395
2022-01-31,India,65803,482,55215,22708907,278303,21027103,1403501
2022-02-01,India,81406,497,64175,22790313,278800,21091278,1420235
2022-02-02,India,45752,706,76587,22836065,279506,21167865,1388694
2022-02-03,India,52258,390,96426,22888323,279896,21264291,1344136
2022-02-04,India,38995,326,80150,22927318,280222,21344441,1302655
2022-02-05,India,40134,512,67772,22967452,280734,21412213,1274505
2022-02-06,India,42053,433,62781,23009505,281167,21474994,1253344
2022-02-07,India,43214,588,49141,23052719,281755,21524135,1246829
2022-02-08,India,41502,609,52319,23094221,282364,21576454,1235403
2022-02-09,India,39251,543,69939,23133472,282907,21646393,1204172
2022-02-10,India,27885,435,59850,23161357,283342,21706243,1171772
2022-02-11,India,29014,275,78403,23190371,283617,21784646,1122108
2022-02-12,India,25807,401,40968,23216178,284018,21825614,1106546
2022-02-13,India,25921,376,51287,23242099,284394,21876901,1080804
2022-02-14,India,28889,459,30913,23270988,284853,21907814,1078321
2022-02-15,India,31814,466,36424,23302802,285319,21944238,1073245
2022-02-16,India,24145,279,35961,23326947,285598,21980199,1061150
2022-02-17,India,21368,264,42046,23348315,285862,22022245,1040208
2022-02-18,India,16736,243,43803,23365051,286105,22066048,1012898
2022-02-19,India,18245,210,40115,23383296,286315,22106163,990818
2022-02-20,India,19220,203,20420,23402516,286518,22126583,989415
2022-02-21,India,21825,282,33541,23424341,286800,22160124,977417
2022-02-22,India,17942,267,25506,23442283,287067,22185630,969586
2022-02-23,India,16600,279,22951,23458883,287346,22208581,962956
2022-02-24,India,12976,156,28169,23471859,287502,22236750,947607
2022-02-25,India,12065,191,31079,23483924,287693,22267829,928402
2022-02-26,India,9894,174,21633,23493818,287867,22289462,916489
2022-02-27,India,11690,170,20919,23505508,288037,22310381,907090
2022-02-28,India,11245,145,15090,23516753,288182,22325471,903100
2022-03-01,India,10793,196,16806,23527546,288378,22342277,896891
2020-03-01,Brazil,795,5,346,795,5,346,444
2020-03-02,Brazil,916,4,414,1711,9,760,942
2020-03-03,Brazil,1179,10,579,2890,19,1339,1532
2020-03-04,Brazil,1243,6,568,4133,25,1907,2201
2020-03-05,Brazil,1188,8,605,5321,33,2512,2776
2020-03-06,Brazil,1213,8,524,6534,41,3036,3457
2020-03-07,Brazil,1318,9,545,7852,50,3581,4221
2020-03-08,Brazil,1517,12,596,9369,62,4177,5130
2020-03-09,Brazil,2055,13,766,11424,75,4943,6406
2020-03-10,Brazil,1913,13,870,13337,88,5813,7436
2020-03-11,Brazil,2006,14,740,15343,102,6553,8688
2020-03-12,Brazil,1895,14,823,17238,116,7376,9746
2020-03-13,Brazil,2202,16,1272,19440,132,8648,10660
2020-03-14,Brazil,2432,19,1339,21872,151,9987,11734
2020-03-15,Brazil,2867,22,1102,24739,173,11089,13477
2020-03-16,Brazil,3601,24,955,28340,197,12044,16099
2020-03-17,Brazil,3396,31,1193,31736,228,13237,18271
2020-03-18,Brazil,3741,20,1368,35477,248,14605,20624
2020-03-19,Brazil,3385,29,1843,38862,277,16448,22137
2020-03-20,Brazil,3563,32,1708,42425,309,18156,23960
2020-03-21,Brazil,3647,36,1799,46072,345,19955,25772
2020-03-22,Brazil,4305,31,1748,50377,376,21703,28298
2020-03-23,Brazil,5507,43,1979,55884,419,23682,31783
2020-03-24,Brazil,6153,41,2383,62037,460,26065,35512
2020-03-25,Brazil,5362,54,2851,67399,514,28916,37969
2020-03-26,Brazil,5237,55,3142,72636,569,32058,40009
2020-03-27,Brazil,4649,49,3674,77285,618,35732,40935
2020-03-28,Brazil,4433,69,3239,81718,687,38971,42060
2020-03-29,Brazil,6717,71,2723,88435,758,41694,45983
2020-03-30,Brazil,8147,85,3550,96582,843,45244,50495
2020-03-31,Brazil,8544,78,3214,105126,921,48458,55747
2020-04-01,Brazil,6880,104,4265,112006,1025,52723,58258
2020-04-02,Brazil,7279,87,4015,119285,1112,56738,61435
2020-04-03,Brazil,5878,125,6729,125163,1237,63467,60459
2020-04-04,Brazil,8554,72,5493,133717,1309,68960,63448
2020-04-05,Brazil,8307,114,4273,142024,1423,73233,67368
2020-04-06,Brazil,11633,118,3803,153657,1541,77036,75080
2020-04-07,Brazil,12113,122,4967,165770,1663,82003,82104
2020-04-08,Brazil,10065,128,5972,175835,1791,87975,86069
2020-04-09,Brazil,8961,129,7168,184796,1920,95143,87733
2020-04-10,Brazil,9560,176,6343,194356,2096,101486,90774
2020-04-11,Brazil,9249,102,6373,203605,2198,107859,93548
2020-04-12,Brazil,11669,124,6828,215274,2322,114687,98265
2020-04-13,Brazil,12786,205,6046,228060,2527,120733,104800
2020-04-14,Brazil,12013,119,7062,240073,2646,127795,109632
2020-04-15,Brazil,10963,160,6762,251036,2806,134557,113673
2020-04-16,Brazil,12205,173,11671,263241,2979,146228,114034
2020-04-17,Brazil,10684,161,12799,273925,3140,159027,111758
2020-04-18,Brazil,11278,242,8144,285203,3382,167171,114650
2020-04-19,Brazil,14374,177,9532,299577,3559,176703,119315
2020-04-20,Brazil,16922,267,9212,316499,3826,185915,126758
2020-04-21,Brazil,15763,242,9848,332262,4068,195763,132431
2020-04-22,Brazil,14765,184,11123,347027,4252,206886,135889
2020-04-23,Brazil,14024,224,9178,361051,4476,216064,140511
2020-04-24,Brazil,11092,168,11357,372143,4644,227421,140078
2020-04-25,Brazil,13210,199,11640,385353,4843,239061,141449
2020-04-26,Brazil,15463,220,10669,400816,5063,249730,146023
2020-04-27,Brazil,17544,333,9858,418360,5396,259588,153376
2020-04-28,Brazil,14483,383,10636,432843,5779,270224,156840
2020-04-29,Brazil,14991,190,9797,447834,5969,280021,161844
2020-04-30,Brazil,13038,180,18960,460872,6149,298981,155742
2020-05-01,Brazil,12898,243,13768,473770,6392,312749,154629
2020-05-02,Brazil,13706,264,14891,487476,6656,327640,153180
2020-05-03,Brazil,16675,350,13346,504151,7006,340986,156159
2020-05-04,Brazil,15890,359,11987,520041,7365,352973,159703
2020-05-05,Brazil,16182,352,13196,536223,7717,366169,162337
2020-05-06,Brazil,16950,369,14495,553173,8086,380664,164423
2020-05-07,Brazil,13804,394,15337,566977,8480,396001,162496
2020-05-08,Brazil,13401,156,15012,580378,8636,411013,160729
2020-05-09,Brazil,12696,283,11695,593074,8919,422708,161447
2020-05-10,Brazil,12565,373,13324,605639,9292,436032,160315
2020-05-11,Brazil,13590,331,11021,619229,9623,447053,162553
2020-05-12,Brazil,13421,450,14805,632650,10073,461858,160719
2020-05-13,Brazil,14695,302,16266,647345,10375,478124,158846
2020-05-14,Brazil,13128,298,16236,660473,10673,494360,155440
2020-05-15,Brazil,12279,330,15662,672752,11003,510022,151727
2020-05-16,Brazil,11517,278,13420,684269,11281,523442,149546
2020-05-17,Brazil,13011,241,12111,697280,11522,535553,150205
2020-05-18,Brazil,12333,333,13729,709613,11855,549282,148476
2020-05-19,Brazil,11689,447,12391,721302,12302,561673,147327
2020-05-20,Brazil,12391,362,13486,733693,12664,575159,145870
2020-05-21,Brazil,10185,262,13572,743878,12926,588731,142221
2020-05-22,Brazil,8770,363,11638,752648,13289,600369,138990
2020-05-23,Brazil,8941,270,12984,761589,13559,613353,134677
2020-05-24,Brazil,9707,257,12732,771296,13816,626085,131395
2020-05-25,Brazil,11210,318,9060,782506,14134,635145,133227
2020-05-26,Brazil,11050,352,12906,793556,14486,648051,131019
2020-05-27,Brazil,9306,493,13042,802862,14979,661093,126790
2020-05-28,Brazil,7998,347,13292,810860,15326,674385,121149
2020-05-29,Brazil,6805,343,9447,817665,15669,683832,118164
2020-05-30,Brazil,6209,234,13375,823874,15903,697207,110764
2020-05-31,Brazil,7377,234,11959,831251,16137,709166,105948
2020-06-01,Brazil,6566,282,7307,837817,16419,716473,104925
2020-06-02,Brazil,7805,269,9245,845622,16688,725718,103216
2020-06-03,Brazil,5734,219,9319,851356,16907,735037,99412
2020-06-04,Brazil,5387,221,9099,856743,17128,744136,95479
2020-06-05,Brazil,4237,213,11130,860980,17341,755266,88373
2020-06-06,Brazil,4629,215,9678,865609,17556,764944,83109
2020-06-07,Brazil,4718,239,7216,870327,17795,772160,80372
2020-06-08,Brazil,4337,265,7294,874664,18060,779454,77150
2020-06-09,Brazil,4950,222,4967,879614,18282,784421,76911
2020-06-10,Brazil,3979,186,6023,883593,18468,790444,74681
2020-06-11,Brazil,3669,135,6389,887262,18603,796833,71826
2020-06-12,Brazil,2926,206,7511,890188,18809,804344,67035
2020-06-13,Brazil,2912,138,5110,893100,18947,809454,64699
2020-06-14,Brazil,2752,156,5590,895852,19103,815044,61705
2020-06-15,Brazil,2952,118,4283,898804,19221,819327,60256
2020-06-16,Brazil,2845,275,4825,901649,19496,824152,58001
2020-06-17,Brazil,2721,99,4473,904370,19595,828625,56150
2020-06-18,Brazil,2349,109,4414,906719,19704,833039,53976
2020-06-19,Brazil,1637,101,4540,908356,19805,837579,50972
2020-06-20,Brazil,1816,114,4604,910172,19919,842183,48070
2020-06-21,Brazil,1444,124,3236,911616,20043,845419,46154
2020-06-22,Brazil,1628,130,3400,913244,20173,848819,44252
2020-06-23,Brazil,1570,120,2805,914814,20293,851624,42897
2020-06-24,Brazil,1296,69,2278,916110,20362,853902,41846
2020-06-25,Brazil,1024,76,3221,917134,20438,857123,39573
2020-06-26,Brazil,1016,68,2765,918150,20506,859888,37756
2020-06-27,Brazil,918,90,2834,919068,20596,862722,35750
2020-06-28,Brazil,1000,43,2531,920068,20639,865253,34176
2020-06-29,Brazil,1050,80,1624,921118,20719,866877,33522
2020-06-30,Brazil,957,64,1640,922075,20783,868517,32775
2020-07-01,Brazil,842,69,1521,922917,20852,870038,32027
2020-07-02,Brazil,642,50,1562,923559,20902,871600,31057
2020-07-03,Brazil,491,29,1610,924050,20931,873210,29909
2020-07-04,Brazil,561,45,976,924611,20976,874186,29449
2020-07-05,Brazil,516,35,1026,925127,21011,875212,28904
2020-07-06,Brazil,519,42,913,925646,21053,876125,28468
2020-07-07,Brazil,529,33,1026,926175,21086,877151,27938
2020-07-08,Brazil,432,24,1019,926607,21110,878170,27327
2020-07-09,Brazil,372,15,1032,926979,21125,879202,26652
2020-07-10,Brazil,342,25,963,927321,21150,880165,26006
2020-07-11,Brazil,337,21,727,927658,21171,880892,25595
2020-07-12,Brazil,331,17,716,927989,21188,881608,25193
2020-07-13,Brazil,370,20,565,928359,21208,882173,24978
2020-07-14,Brazil,419,18,559,928778,21226,882732,24820
2020-07-15,Brazil,367,12,574,929145,21238,883306,24601
2020-07-16,Brazil,359,11,469,929504,21249,883775,24480
2020-07-17,Brazil,308,8,467,929812,21257,884242,24313
2020-07-18,Brazil,321,11,416,930133,21268,884658,24207
2020-07-19,Brazil,301,9,372,930434,21277,885030,24127
2020-07-20,Brazil,412,7,315,930846,21284,885345,24217
2020-07-21,Brazil,409,15,340,931255,21299,885685,24271
2020-07-22,Brazil,379,11,327,931634,21310,886012,24312
2020-07-23,Brazil,368,6,319,932002,21316,886331,24355
2020-07-24,Brazil,373,7,423,932375,21323,886754,24298
2020-07-25,Brazil,392,7,382,932767,21330,887136,24301
2020-07-26,Brazil,419,8,350,933186,21338,887486,24362
2020-07-27,Brazil,564,6,329,933750,21344,887815,24591
2020-07-28,Brazil,549,10,270,934299,21354,888085,24860
2020-07-29,Brazil,580,6,302,934879,21360,888387,25132
2020-07-30,Brazil,519,5,349,935398,21365,888736,25297
2020-07-31,Brazil,507,7,348,935905,21372,889084,25449
2020-08-01,Brazil,602,8,340,936507,21380,889424,25703
2020-08-02,Brazil,627,9,319,937134,21389,889743,26002
2020-08-03,Brazil,940,6,338,938074,21395,890081,26598
2020-08-04,Brazil,759,9,368,938833,21404,890449,26980
2020-08-05,Brazil,837,7,435,939670,21411,890884,27375
2020-08-06,Brazil,845,8,524,940515,21419,891408,27688
2020-08-07,Brazil,834,5,443,941349,21424,891851,28074
2020-08-08,Brazil,870,6,620,942219,21430,892471,28318
2020-08-09,Brazil,1051,7,456,943270,21437,892927,28906
2020-08-10,Brazil,1295,11,483,944565,21448,893410,29707
2020-08-11,Brazil,1341,9,603,945906,21457,894013,30436
2020-08-12,Brazil,1498,13,613,947404,21470,894626,31308
2020-08-13,Brazil,1339,12,1001,948743,21482,895627,31634
2020-08-14,Brazil,1300,11,763,950043,21493,896390,32160
2020-08-15,Brazil,1229,16,734,951272,21509,897124,32639
2020-08-16,Brazil,1588,14,987,952860,21523,898111,33226
2020-08-17,Brazil,1845,14,816,954705,21537,898927,34241
2020-08-18,Brazil,1887,19,822,956592,21556,899749,35287
2020-08-19,Brazil,2075,15,1106,958667,21571,900855,36241
2020-08-20,Brazil,1790,20,1274,960457,21591,902129,36737
2020-08-21,Brazil,1899,22,1338,962356,21613,903467,37276
2020-08-22,Brazil,1800,19,1796,964156,21632,905263,37261
2020-08-23,Brazil,2677,15,1250,966833,21647,906513,38673
2020-08-24,Brazil,2573,21,1208,969406,21668,907721,40017
2020-08-25,Brazil,3048,34,1193,972454,21702,908914,41838
2020-08-26,Brazil,3116,29,1687,975570,21731,910601,43238
2020-08-27,Brazil,2583,27,1504,978153,21758,912105,44290
2020-08-28,Brazil,2777,30,1455,980930,21788,913560,45582
2020-08-29,Brazil,2547,28,1875,983477,21816,915435,46226
2020-08-30,Brazil,3751,33,1437,987228,21849,916872,48507
2020-08-31,Brazil,3946,35,1745,991174,21884,918617,50673
2020-09-01,Brazil,4039,35,1814,995213,21919,920431,52863
2020-09-02,Brazil,4033,49,2341,999246,21968,922772,54506
2020-09-03,Brazil,4045,40,2117,1003291,22008,924889,56394
2020-09-04,Brazil,3463,36,2946,1006754,22044,927835,56875
2020-09-05,Brazil,3694,44,3249,1010448,22088,931084,57276
2020-09-06,Brazil,4573,52,2059,1015021,22140,933143,59738
2020-09-07,Brazil,4924,42,2884,1019945,22182,936027,61736
2020-09-08,Brazil,6673,51,2644,1026618,22233,938671,65714
2020-09-09,Brazil,5393,50,3944,1032011,22283,942615,67113
2020-09-10,Brazil,5516,48,4249,1037527,22331,946864,68332
2020-09-11,Brazil,5006,69,4731,1042533,22400,951595,68538
2020-09-12,Brazil,4886,42,3733,1047419,22442,955328,69649
2020-09-13,Brazil,6252,77,3925,1053671,22519,959253,71899
2020-09-14,Brazil,7728,68,3186,1061399,22587,962439,76373
2020-09-15,Brazil,7641,75,3546,1069040,22662,965985,80393
2020-09-16,Brazil,8206,55,5063,1077246,22717,971048,83481
2020-09-17,Brazil,7387,76,4091,1084633,22793,975139,86701
2020-09-18,Brazil,6948,65,5854,1091581,22858,980993,87730
2020-09-19,Brazil,6686,80,5890,1098267,22938,986883,88446
2020-09-20,Brazil,7447,94,5835,1105714,23032,992718,89964
2020-09-21,Brazil,8971,73,4631,1114685,23105,997349,94231
2020-09-22,Brazil,10178,159,5091,1124863,23264,1002440,99159
2020-09-23,Brazil,10054,110,6206,1134917,23374,1008646,102897
2020-09-24,Brazil,7225,112,8531,1142142,23486,1017177,101479
2020-09-25,Brazil,8246,97,7390,1150388,23583,1024567,102238
2020-09-26,Brazil,8922,85,8685,1159310,23668,1033252,102390
2020-09-27,Brazil,10072,127,8965,1169382,23795,1042217,103370
2020-09-28,Brazil,13097,165,7069,1182479,23960,1049286,109233
2020-09-29,Brazil,12977,96,6450,1195456,24056,1055736,115664
2020-09-30,Brazil,13275,142,7665,1208731,24198,1063401,121132
2020-10-01,Brazil,10671,136,8297,1219402,24334,1071698,123370
2020-10-02,Brazil,10967,141,12104,1230369,24475,1083802,122092
2020-10-03,Brazil,12264,160,9825,1242633,24635,1093627,124371
2020-10-04,Brazil,13950,121,6746,1256583,24756,1100373,131454
2020-10-05,Brazil,13220,156,7254,1269803,24912,1107627,137264
2020-10-06,Brazil,14942,176,9504,1284745,25088,1117131,142526
2020-10-07,Brazil,14133,162,10507,1298878,25250,1127638,145990
2020-10-08,Brazil,13589,129,11947,1312467,25379,1139585,147503
2020-10-09,Brazil,12905,182,13176,1325372,25561,1152761,147050
2020-10-10,Brazil,12079,135,10821,1337451,25696,1163582,148173
2020-10-11,Brazil,15088,209,10433,1352539,25905,1174015,152619
2020-10-12,Brazil,14372,165,11004,1366911,26070,1185019,155822
2020-10-13,Brazil,20043,220,13783,1386954,26290,1198802,161862
2020-10-14,Brazil,16352,236,12359,1403306,26526,1211161,165619
2020-10-15,Brazil,15343,271,11068,1418649,26797,1222229,169623
2020-10-16,Brazil,13873,197,13059,1432522,26994,1235288,170240
2020-10-17,Brazil,16366,130,11754,1448888,27124,1247042,174722
2020-10-18,Brazil,13372,158,14789,1462260,27282,1261831,173147
2020-10-19,Brazil,19650,252,14307,1481910,27534,1276138,178238
2020-10-20,Brazil,20362,317,11967,1502272,27851,1288105,186316
2020-10-21,Brazil,18696,287,16253,1520968,28138,1304358,188472
2020-10-22,Brazil,19693,265,13981,1540661,28403,1318339,193919
2020-10-23,Brazil,14906,299,19058,1555567,28702,1337397,189468
2020-10-24,Brazil,17874,202,15175,1573441,28904,1352572,191965
2020-10-25,Brazil,19893,334,14272,1593334,29238,1366844,197252
2020-10-26,Brazil,24112,181,11256,1617446,29419,1378100,209927
2020-10-27,Brazil,21545,307,16126,1638991,29726,1394226,215039
2020-10-28,Brazil,20152,195,12785,1659143,29921,1407011,222211
2020-10-29,Brazil,20677,271,20270,1679820,30192,1427281,222347
2020-10-30,Brazil,18148,256,19730,1697968,30448,1447011,220509
2020-10-31,Brazil,16068,312,17656,1714036,30760,1464667,218609
2020-11-01,Brazil,20067,252,17258,1734103,31012,1481925,221166
2020-11-02,Brazil,24376,297,14413,1758479,31309,1496338,230832
2020-11-03,Brazil,26103,363,18425,1784582,31672,1514763,238147
2020-11-04,Brazil,21665,242,16913,1806247,31914,1531676,242657
2020-11-05,Brazil,15533,464,23350,1821780,32378,1555026,234376
2020-11-06,Brazil,19398,258,21165,1841178,32636,1576191,232351
2020-11-07,Brazil,17474,297,17956,1858652,32933,1594147,231572
2020-11-08,Brazil,18495,483,18683,1877147,33416,1612830,230901
2020-11-09,Brazil,19147,333,17823,1896294,33749,1630653,231892
2020-11-10,Brazil,27163,307,13676,1923457,34056,1644329,245072
2020-11-11,Brazil,24023,288,19938,1947480,34344,1664267,248869
2020-11-12,Brazil,20553,374,21305,1968033,34718,1685572,247743
2020-11-13,Brazil,21285,360,27722,1989318,35078,1713294,240946
2020-11-14,Brazil,20848,337,25660,2010166,35415,1738954,235797
2020-11-15,Brazil,25402,554,13628,2035568,35969,1752582,247017
2020-11-16,Brazil,22339,244,19616,2057907,36213,1772198,249496
2020-11-17,Brazil,25712,533,15555,2083619,36746,1787753,259120
2020-11-18,Brazil,20840,349,19603,2104459,37095,1807356,260008
2020-11-19,Brazil,20593,248,16055,2125052,37343,1823411,264298
2020-11-20,Brazil,18735,308,27329,2143787,37651,1850740,255396
2020-11-21,Brazil,20696,258,21048,2164483,37909,1871788,254786
2020-11-22,Brazil,22332,446,19322,2186815,38355,1891110,257350
2020-11-23,Brazil,25995,403,18326,2212810,38758,1909436,264616
2020-11-24,Brazil,26706,491,21659,2239516,39249,1931095,269172
2020-11-25,Brazil,27398,549,22344,2266914,39798,1953439,273677
2020-11-26,Brazil,19878,257,22629,2286792,40055,1976068,270669
2020-11-27,Brazil,17108,280,23834,2303900,40335,1999902,263663
2020-11-28,Brazil,19366,210,19777,2323266,40545,2019679,263042
2020-11-29,Brazil,19978,390,20061,2343244,40935,2039740,262569
2020-11-30,Brazil,26457,412,16615,2369701,41347,2056355,271999
2020-12-01,Brazil,23504,468,20286,2393205,41815,2076641,274749
2020-12-02,Brazil,21130,382,24719,2414335,42197,2101360,270778
2020-12-03,Brazil,18504,262,23013,2432839,42459,2124373,266007
2020-12-04,Brazil,18368,386,28642,2451207,42845,2153015,255347
2020-12-05,Brazil,17530,384,30242,2468737,43229,2183257,242251
2020-12-06,Brazil,18851,453,17525,2487588,43682,2200782,243124
2020-12-07,Brazil,24841,285,14033,2512429,43967,2214815,253647
2020-12-08,Brazil,20671,501,19152,2533100,44468,2233967,254665
2020-12-09,Brazil,20393,368,18129,2553493,44836,2252096,256561
2020-12-10,Brazil,18510,322,30144,2572003,45158,2282240,244605
2020-12-11,Brazil,13758,332,22642,2585761,45490,2304882,235389
2020-12-12,Brazil,16724,346,18657,2602485,45836,2323539,233110
2020-12-13,Brazil,16434,290,15726,2618919,46126,2339265,233528
2020-12-14,Brazil,21014,463,19555,2639933,46589,2358820,234524
2020-12-15,Brazil,18345,284,15867,2658278,46873,2374687,236718
2020-12-16,Brazil,19142,453,18176,2677420,47326,2392863,237231
2020-12-17,Brazil,17008,309,26126,2694428,47635,2418989,227804
2020-12-18,Brazil,14961,391,18883,2709389,48026,2437872,223491
2020-12-19,Brazil,14472,272,19487,2723861,48298,2457359,218204
2020-12-20,Brazil,15455,292,17740,2739316,48590,2475099,215627
2020-12-21,Brazil,16434,364,14110,2755750,48954,2489209,217587
2020-12-22,Brazil,19334,420,17003,2775084,49374,2506212,219498
2020-12-23,Brazil,14843,302,15429,2789927,49676,2521641,218610
2020-12-24,Brazil,12373,360,20301,2802300,50036,2541942,210322
2020-12-25,Brazil,12680,218,16956,2814980,50254,2558898,205828
2020-12-26,Brazil,11383,173,15661,2826363,50427,2574559,201377
2020-12-27,Brazil,12422,249,16748,2838785,50676,2591307,196802
2020-12-28,Brazil,12964,275,17080,2851749,50951,2608387,192411
2020-12-29,Brazil,14098,316,12665,2865847,51267,2621052,193528
2020-12-30,Brazil,13195,249,13689,2879042,51516,2634741,192785
2020-12-31,Brazil,11583,343,14402,2890625,51859,2649143,189623
2021-01-01,Brazil,10876,250,19905,2901501,52109,2669048,180344
2021-01-02,Brazil,10604,237,14888,2912105,52346,2683936,175823
2021-01-03,Brazil,11049,296,11689,2923154,52642,2695625,174887
2021-01-04,Brazil,12006,332,11055,2935160,52974,2706680,175506
2021-01-05,Brazil,12674,326,11028,2947834,53300,2717708,176826
2021-01-06,Brazil,12126,212,10059,2959960,53512,2727767,178681
2021-01-07,Brazil,9491,134,12623,2969451,53646,2740390,175415
2021-01-08,Brazil,8031,184,14713,2977482,53830,2755103,168549
2021-01-09,Brazil,7723,167,11082,2985205,53997,2766185,165023
2021-01-10,Brazil,8173,213,9415,2993378,54210,2775600,163568
2021-01-11,Brazil,10578,202,12090,3003956,54412,2787690,161854
2021-01-12,Brazil,10486,268,9557,3014442,54680,2797247,162515
2021-01-13,Brazil,9480,193,11811,3023922,54873,2809058,159991
2021-01-14,Brazil,7662,191,11348,3031584,55064,2820406,156114
2021-01-15,Brazil,7659,224,11969,3039243,55288,2832375,151580
2021-01-16,Brazil,6667,188,12151,3045910,55476,2844526,145908
2021-01-17,Brazil,8246,181,8305,3054156,55657,2852831,145668
2021-01-18,Brazil,8326,175,7811,3062482,55832,2860642,146008
2021-01-19,Brazil,7962,183,7131,3070444,56015,2867773,146656
2021-01-20,Brazil,7964,166,6810,3078408,56181,2874583,147644
2021-01-21,Brazil,6748,139,10497,3085156,56320,2885080,143756
2021-01-22,Brazil,6016,152,9801,3091172,56472,2894881,139819
2021-01-23,Brazil,5975,121,8957,3097147,56593,2903838,136716
2021-01-24,Brazil,6594,98,6465,3103741,56691,2910303,136747
2021-01-25,Brazil,8670,234,8522,3112411,56925,2918825,136661
2021-01-26,Brazil,8069,182,6961,3120480,57107,2925786,137587
2021-01-27,Brazil,7165,111,8679,3127645,57218,2934465,135962
2021-01-28,Brazil,5946,114,7748,3133591,57332,2942213,134046
2021-01-29,Brazil,5778,127,6321,3139369,57459,2948534,133376
2021-01-30,Brazil,5733,145,9138,3145102,57604,2957672,129826
2021-01-31,Brazil,6239,104,6438,3151341,57708,2964110,129523
2021-02-01,Brazil,6793,161,5342,3158134,57869,2969452,130813
2021-02-02,Brazil,7121,165,5975,3165255,58034,2975427,131794
2021-02-03,Brazil,5001,112,7069,3170256,58146,2982496,129614
2021-02-04,Brazil,6033,102,8304,3176289,58248,2990800,127241
2021-02-05,Brazil,5265,76,8736,3181554,58324,2999536,123694
2021-02-06,Brazil,6476,92,7623,3188030,58416,3007159,122455
2021-02-07,Brazil,6625,105,5093,3194655,58521,3012252,123882
2021-02-08,Brazil,6814,157,5173,3201469,58678,3017425,125366
2021-02-09,Brazil,7858,157,6030,3209327,58835,3023455,127037
2021-02-10,Brazil,6875,97,4364,3216202,58932,3027819,129451
2021-02-11,Brazil,7010,57,6423,3223212,58989,3034242,129981
2021-02-12,Brazil,6486,91,5858,3229698,59080,3040100,130518
2021-02-13,Brazil,7263,96,4572,3236961,59176,3044672,133113
2021-02-14,Brazil,7381,104,5618,3244342,59280,3050290,134772
2021-02-15,Brazil,9116,100,4873,3253458,59380,3055163,138915
2021-02-16,Brazil,8591,115,5873,3262049,59495,3061036,141518
2021-02-17,Brazil,9797,103,5662,3271846,59598,3066698,145550
2021-02-18,Brazil,8789,102,8040,3280635,59700,3074738,146197
2021-02-19,Brazil,8310,76,8952,3288945,59776,3083690,145479
2021-02-20,Brazil,8579,91,5833,3297524,59867,3089523,148134
2021-02-21,Brazil,10429,100,7794,3307953,59967,3097317,150669
2021-02-22,Brazil,13224,141,5977,3321177,60108,3103294,157775
2021-02-23,Brazil,12215,118,7062,3333392,60226,3110356,162810
2021-02-24,Brazil,12213,107,7040,3345605,60333,3117396,167876
2021-02-25,Brazil,10070,98,8173,3355675,60431,3125569,169675
2021-02-26,Brazil,9748,123,9058,3365423,60554,3134627,170242
2021-02-27,Brazil,11356,157,9523,3376779,60711,3144150,171918
2021-02-28,Brazil,14450,124,8035,3391229,60835,3152185,178209
2021-03-01,Brazil,15112,143,6936,3406341,60978,3159121,186242
2021-03-02,Brazil,16148,133,7499,3422489,61111,3166620,194758
2021-03-03,Brazil,15380,79,8368,3437869,61190,3174988,201691
2021-03-04,Brazil,13882,155,12710,3451751,61345,3187698,202708
2021-03-05,Brazil,14082,131,10323,3465833,61476,3198021,206336
2021-03-06,Brazil,13001,143,11413,3478834,61619,3209434,207781
2021-03-07,Brazil,19147,137,10991,3497981,61756,3220425,215800
2021-03-08,Brazil,19058,186,10480,3517039,61942,3230905,224192
2021-03-09,Brazil,22650,171,10866,3539689,62113,3241771,235805
2021-03-10,Brazil,18525,224,13751,3558214,62337,3255522,240355
2021-03-11,Brazil,19749,141,17234,3577963,62478,3272756,242729
2021-03-12,Brazil,18671,210,16309,3596634,62688,3289065,244881
2021-03-13,Brazil,19533,187,14280,3616167,62875,3303345,249947
2021-03-14,Brazil,20428,163,11426,3636595,63038,3314771,258786
2021-03-15,Brazil,26128,222,14051,3662723,63260,3328822,270641
2021-03-16,Brazil,24563,212,13516,3687286,63472,3342338,281476
2021-03-17,Brazil,25482,130,17220,3712768,63602,3359558,289608
2021-03-18,Brazil,25474,275,18828,3738242,63877,3378386,295979
2021-03-19,Brazil,23553,241,20953,3761795,64118,3399339,298338
2021-03-20,Brazil,23596,215,17456,3785391,64333,3416795,304263
2021-03-21,Brazil,25322,296,14242,3810713,64629,3431037,315047
2021-03-22,Brazil,33170,206,17526,3843883,64835,3448563,330485
2021-03-23,Brazil,33289,305,20569,3877172,65140,3469132,342900
2021-03-24,Brazil,25814,322,18372,3902986,65462,3487504,350020
2021-03-25,Brazil,30323,232,25214,3933309,65694,3512718,354897
2021-03-26,Brazil,26653,136,21797,3959962,65830,3534515,359617
2021-03-27,Brazil,30994,276,25344,3990956,66106,3559859,364991
2021-03-28,Brazil,29902,293,23925,4020858,66399,3583784,370675
2021-03-29,Brazil,27923,396,20487,4048781,66795,3604271,377715
2021-03-30,Brazil,40113,414,25670,4088894,67209,3629941,391744
2021-03-31,Brazil,38085,422,26567,4126979,67631,3656508,402840
2021-04-01,Brazil,28814,393,29916,4155793,68024,3686424,401345
2021-04-02,Brazil,28585,428,33548,4184378,68452,3719972,395954
2021-04-03,Brazil,39850,240,26113,4224228,68692,3746085,409451
2021-04-04,Brazil,36720,407,30979,4260948,69099,3777064,414785
2021-04-05,Brazil,45259,544,21251,4306207,69643,3798315,438249
2021-04-06,Brazil,42245,364,32749,4348452,70007,3831064,447381
2021-04-07,Brazil,35006,262,27070,4383458,70269,3858134,455055
2021-04-08,Brazil,36915,374,25846,4420373,70643,3883980,465750
2021-04-09,Brazil,33900,334,48666,4454273,70977,3932646,450650
2021-04-10,Brazil,35104,515,37665,4489377,71492,3970311,447574
2021-04-11,Brazil,41187,378,26592,4530564,71870,3996903,461791
2021-04-12,Brazil,47948,333,21389,4578512,72203,4018292,488017
2021-04-13,Brazil,48079,506,43572,4626591,72709,4061864,492018
2021-04-14,Brazil,41027,669,30509,4667618,73378,4092373,501867
2021-04-15,Brazil,41978,413,39088,4709596,73791,4131461,504344
2021-04-16,Brazil,31386,394,39211,4740982,74185,4170672,496125
2021-04-17,Brazil,32362,556,38365,4773344,74741,4209037,489566
2021-04-18,Brazil,46733,658,38178,4820077,75399,4247215,497463
2021-04-19,Brazil,51569,547,32030,4871646,75946,4279245,516455
2021-04-20,Brazil,50836,757,34738,4922482,76703,4313983,531796
2021-04-21,Brazil,42311,517,37165,4964793,77220,4351148,536425
2021-04-22,Brazil,39552,505,46672,5004345,77725,4397820,528800
2021-04-23,Brazil,37558,718,46494,5041903,78443,4444314,519146
2021-04-24,Brazil,34643,390,43201,5076546,78833,4487515,510198
2021-04-25,Brazil,42346,538,44196,5118892,79371,4531711,507810
2021-04-26,Brazil,52887,507,31618,5171779,79878,4563329,528572
2021-04-27,Brazil,57384,802,29941,5229163,80680,4593270,555213
2021-04-28,Brazil,46156,767,48191,5275319,81447,4641461,552411
2021-04-29,Brazil,44331,781,49050,5319650,82228,4690511,546911
2021-04-30,Brazil,32209,544,43522,5351859,82772,4734033,535054
2021-05-01,Brazil,41212,432,38980,5393071,83204,4773013,536854
2021-05-02,Brazil,41275,601,38290,5434346,83805,4811303,539238
2021-05-03,Brazil,50189,475,39337,5484535,84280,4850640,549615
2021-05-04,Brazil,48917,989,32646,5533452,85269,4883286,564897
2021-05-05,Brazil,50875,639,35736,5584327,85908,4919022,579397
2021-05-06,Brazil,37244,491,51059,5621571,86399,4970081,565091
2021-05-07,Brazil,38047,653,55713,5659618,87052,5025794,546772
2021-05-08,Brazil,36247,383,45133,5695865,87435,5070927,537503
2021-05-09,Brazil,41015,627,46472,5736880,88062,5117399,531419
2021-05-10,Brazil,45192,698,34071,5782072,88760,5151470,541842
2021-05-11,Brazil,43321,883,37212,5825393,89643,5188682,547068
2021-05-12,Brazil,42549,620,37182,5867942,90263,5225864,551815
2021-05-13,Brazil,36676,427,43169,5904618,90690,5269033,544895
2021-05-14,Brazil,33796,443,50241,5938414,91133,5319274,528007
2021-05-15,Brazil,33967,675,55916,5972381,91808,5375190,505383
2021-05-16,Brazil,39987,554,34627,6012368,92362,5409817,510189
2021-05-17,Brazil,44314,782,35643,6056682,93144,5445460,518078
2021-05-18,Brazil,38071,521,39901,6094753,93665,5485361,515727
2021-05-19,Brazil,40521,680,41365,6135274,94345,5526726,514203
2021-05-20,Brazil,29505,437,45276,6164779,94782,5572002,497995
2021-05-21,Brazil,30526,585,36635,6195305,95367,5608637,491301
2021-05-22,Brazil,30962,487,43619,6226267,95854,5652256,478157
2021-05-23,Brazil,27680,622,31937,6253947,96476,5684193,473278
2021-05-24,Brazil,35934,732,28764,6289881,97208,5712957,479716
2021-05-25,Brazil,34384,655,31477,6324265,97863,5744434,481968
2021-05-26,Brazil,30412,595,36138,6354677,98458,5780572,475647
2021-05-27,Brazil,30692,388,41598,6385369,98846,5822170,464353
2021-05-28,Brazil,23344,446,31281,6408713,99292,5853451,455970
2021-05-29,Brazil,23182,400,42629,6431895,99692,5896080,436123
2021-05-30,Brazil,27459,489,31518,6459354,100181,5927598,431575
2021-05-31,Brazil,31248,538,23598,6490602,100719,5951196,438687
2021-06-01,Brazil,29165,401,32631,6519767,101120,5983827,434820
2021-06-02,Brazil,29065,322,24418,6548832,101442,6008245,439145
2021-06-03,Brazil,23574,333,37452,6572406,101775,6045697,424934
2021-06-04,Brazil,16511,413,32782,6588917,102188,6078479,408250
2021-06-05,Brazil,19154,294,29279,6608071,102482,6107758,397831
2021-06-06,Brazil,20919,360,28918,6628990,102842,6136676,389472
2021-06-07,Brazil,24544,642,25126,6653534,103484,6161802,388248
2021-06-08,Brazil,18490,535,19496,6672024,104019,6181298,386707
2021-06-09,Brazil,25248,521,27962,6697272,104540,6209260,383472
2021-06-10,Brazil,18491,425,33301,6715763,104965,6242561,368237
2021-06-11,Brazil,15780,369,30004,6731543,105334,6272565,353644
2021-06-12,Brazil,16976,254,34388,6748519,105588,6306953,335978
2021-06-13,Brazil,20055,306,21433,6768574,105894,6328386,334294
2021-06-14,Brazil,19384,180,17367,6787958,106074,6345753,336131
2021-06-15,Brazil,19195,459,18192,6807153,106533,6363945,336675
2021-06-16,Brazil,16061,483,22559,6823214,107016,6386504,329694
2021-06-17,Brazil,13216,266,23544,6836430,107282,6410048,319100
2021-06-18,Brazil,11240,198,17061,6847670,107480,6427109,313081
2021-06-19,Brazil,10792,205,27403,6858462,107685,6454512,296265
2021-06-20,Brazil,11824,283,16878,6870286,107968,6471390,290928
2021-06-21,Brazil,11906,378,13008,6882192,108346,6484398,289448
2021-06-22,Brazil,12987,151,15454,6895179,108497,6499852,286830
2021-06-23,Brazil,10015,342,20444,6905194,108839,6520296,276059
2021-06-24,Brazil,9827,218,21199,6915021,109057,6541495,264469
2021-06-25,Brazil,8388,201,18631,6923409,109258,6560126,254025
2021-06-26,Brazil,8369,230,17451,6931778,109488,6577577,244713
2021-06-27,Brazil,8533,239,10964,6940311,109727,6588541,242043
2021-06-28,Brazil,11772,235,10312,6952083,109962,6598853,243268
2021-06-29,Brazil,10195,227,10061,6962278,110189,6608914,243175
2021-06-30,Brazil,7292,236,11221,6969570,110425,6620135,239010
2021-07-01,Brazil,6859,176,11525,6976429,110601,6631660,234168
2021-07-02,Brazil,5536,144,13328,6981965,110745,6644988,226232
2021-07-03,Brazil,5227,98,9186,6987192,110843,6654174,222175
2021-07-04,Brazil,5437,133,9565,6992629,110976,6663739,217914
2021-07-05,Brazil,6645,171,8016,6999274,111147,6671755,216372
2021-07-06,Brazil,5877,159,7290,7005151,111306,6679045,214800
2021-07-07,Brazil,5866,137,8098,7011017,111443,6687143,212431
2021-07-08,Brazil,4858,161,11138,7015875,111604,6698281,205990
2021-07-09,Brazil,4292,122,9625,7020167,111726,6707906,200535
2021-07-10,Brazil,3503,103,7022,7023670,111829,6714928,196913
2021-07-11,Brazil,4153,92,6634,7027823,111921,6721562,194340
2021-07-12,Brazil,4409,69,5084,7032232,111990,6726646,193596
2021-07-13,Brazil,3885,118,5656,7036117,112108,6732302,191707
2021-07-14,Brazil,3299,81,4609,7039416,112189,6736911,190316
2021-07-15,Brazil,3262,88,5919,7042678,112277,6742830,187571
2021-07-16,Brazil,2514,64,7210,7045192,112341,6750040,182811
2021-07-17,Brazil,2508,58,5046,7047700,112399,6755086,180215
2021-07-18,Brazil,2360,41,4032,7050060,112440,6759118,178502
2021-07-19,Brazil,2377,63,4422,7052437,112503,6763540,176394
2021-07-20,Brazil,2405,76,2664,7054842,112579,6766204,176059
2021-07-21,Brazil,2160,93,3893,7057002,112672,6770097,174233
2021-07-22,Brazil,1631,56,5140,7058633,112728,6775237,170668
2021-07-23,Brazil,1514,53,3153,7060147,112781,6778390,168976
2021-07-24,Brazil,1259,48,2539,7061406,112829,6780929,167648
2021-07-25,Brazil,1395,40,2662,7062801,112869,6783591,166341
2021-07-26,Brazil,1674,55,2630,7064475,112924,6786221,165330
2021-07-27,Brazil,1584,38,2678,7066059,112962,6788899,164198
2021-07-28,Brazil,1260,44,2149,7067319,113006,6791048,163265
2021-07-29,Brazil,971,38,2437,7068290,113044,6793485,161761
2021-07-30,Brazil,820,30,2629,7069110,113074,6796114,159922
2021-07-31,Brazil,828,24,2444,7069938,113098,6798558,158282
2021-08-01,Brazil,940,31,1527,7070878,113129,6800085,157664
2021-08-02,Brazil,990,38,1118,7071868,113167,6801203,157498
2021-08-03,Brazil,837,22,1109,7072705,113189,6802312,157204
2021-08-04,Brazil,678,23,1282,7073383,113212,6803594,156577
2021-08-05,Brazil,617,19,1565,7074000,113231,6805159,155610
2021-08-06,Brazil,474,19,1492,7074474,113250,6806651,154573
2021-08-07,Brazil,462,12,1344,7074936,113262,6807995,153679
2021-08-08,Brazil,556,6,1050,7075492,113268,6809045,153179
2021-08-09,Brazil,550,24,773,7076042,113292,6809818,152932
2021-08-10,Brazil,493,20,882,7076535,113312,6810700,152523
2021-08-11,Brazil,373,9,934,7076908,113321,6811634,151953
2021-08-12,Brazil,340,9,956,7077248,113330,6812590,151328
2021-08-13,Brazil,304,12,876,7077552,113342,6813466,150744
2021-08-14,Brazil,258,11,655,7077810,113353,6814121,150336
2021-08-15,Brazil,307,12,714,7078117,113365,6814835,149917
2021-08-16,Brazil,315,10,389,7078432,113375,6815224,149833
2021-08-17,Brazil,305,9,420,7078737,113384,6815644,149709
2021-08-18,Brazil,237,7,527,7078974,113391,6816171,149412
2021-08-19,Brazil,196,8,551,7079170,113399,6816722,149049
2021-08-20,Brazil,177,4,533,7079347,113403,6817255,148689
2021-08-21,Brazil,158,4,357,7079505,113407,6817612,148486
2021-08-22,Brazil,155,7,279,7079660,113414,6817891,148355
2021-08-23,Brazil,164,5,316,7079824,113419,6818207,148198
2021-08-24,Brazil,169,6,266,7079993,113425,6818473,148095
2021-08-25,Brazil,132,3,237,7080125,113428,6818710,147987
2021-08-26,Brazil,123,3,302,7080248,113431,6819012,147805
2021-08-27,Brazil,120,2,246,7080368,113433,6819258,147677
2021-08-28,Brazil,93,2,212,7080461,113435,6819470,147556
2021-08-29,Brazil,143,2,171,7080604,113437,6819641,147526
2021-08-30,Brazil,156,3,183,7080760,113440,6819824,147496
2021-08-31,Brazil,145,2,153,7080905,113442,6819977,147486
2021-09-01,Brazil,150,2,129,7081055,113444,6820106,147505
2021-09-02,Brazil,132,2,171,7081187,113446,6820277,147464
2021-09-03,Brazil,140,1,138,7081327,113447,6820415,147465
2021-09-04,Brazil,151,2,130,7081478,113449,6820545,147484
2021-09-05,Brazil,152,2,108,7081630,113451,6820653,147526
2021-09-06,Brazil,216,1,110,7081846,113452,6820763,147631
2021-09-07,Brazil,227,1,93,7082073,113453,6820856,147764
2021-09-08,Brazil,236,2,144,7082309,113455,6821000,147854
2021-09-09,Brazil,212,0,169,7082521,113455,6821169,147897
2021-09-10,Brazil,258,1,138,7082779,113456,6821307,148016
2021-09-11,Brazil,280,1,148,7083059,113457,6821455,148147
2021-09-12,Brazil,305,1,121,7083364,113458,6821576,148330
2021-09-13,Brazil,358,1,136,7083722,113459,6821712,148551
2021-09-14,Brazil,441,1,151,7084163,113460,6821863,148840
2021-09-15,Brazil,485,1,144,7084648,113461,6822007,149180
2021-09-16,Brazil,464,1,169,7085112,113462,6822176,149474
2021-09-17,Brazil,507,1,225,7085619,113463,6822401,149755
2021-09-18,Brazil,561,1,234,7086180,113464,6822635,150081
2021-09-19,Brazil,713,1,189,7086893,113465,6822824,150604
2021-09-20,Brazil,839,1,215,7087732,113466,6823039,151227
2021-09-21,Brazil,824,2,308,7088556,113468,6823347,151741
2021-09-22,Brazil,936,2,307,7089492,113470,6823654,152368
2021-09-23,Brazil,999,1,335,7090491,113471,6823989,153031
2021-09-24,Brazil,923,2,375,7091414,113473,6824364,153577
2021-09-25,Brazil,1099,2,427,7092513,113475,6824791,154247
2021-09-26,Brazil,1283,1,503,7093796,113476,6825294,155026
2021-09-27,Brazil,1484,3,493,7095280,113479,6825787,156014
2021-09-28,Brazil,1803,3,508,7097083,113482,6826295,157306
2021-09-29,Brazil,1902,6,719,7098985,113488,6827014,158483
2021-09-30,Brazil,1692,5,739,7100677,113493,6827753,159431
2021-10-01,Brazil,1751,4,909,7102428,113497,6828662,160269
2021-10-02,Brazil,1866,4,1020,7104294,113501,6829682,161111
2021-10-03,Brazil,2721,6,914,7107015,113507,6830596,162912
2021-10-04,Brazil,2972,9,830,7109987,113516,6831426,165045
2021-10-05,Brazil,3799,8,778,7113786,113524,6832204,168058
2021-10-06,Brazil,3864,8,1049,7117650,113532,6833253,170865
2021-10-07,Brazil,3265,9,1233,7120915,113541,6834486,172888
2021-10-08,Brazil,2997,7,1754,7123912,113548,6836240,174124
2021-10-09,Brazil,3047,9,1766,7126959,113557,6838006,175396
2021-10-10,Brazil,3962,7,1405,7130921,113564,6839411,177946
2021-10-11,Brazil,4835,17,1633,7135756,113581,6841044,181131
2021-10-12,Brazil,6692,18,1881,7142448,113599,6842925,185924
2021-10-13,Brazil,6106,15,2750,7148554,113614,6845675,189265
2021-10-14,Brazil,5909,22,2311,7154463,113636,6847986,192841
2021-10-15,Brazil,4638,17,3600,7159101,113653,6851586,193862
2021-10-16,Brazil,5677,14,3196,7164778,113667,6854782,196329
2021-10-17,Brazil,8193,30,3417,7172971,113697,6858199,201075
2021-10-18,Brazil,9393,30,3102,7182364,113727,6861301,207336
2021-10-19,Brazil,9990,38,2662,7192354,113765,6863963,214626
2021-10-20,Brazil,10524,33,3512,7202878,113798,6867475,221605
2021-10-21,Brazil,10702,33,4427,7213580,113831,6871902,227847
2021-10-22,Brazil,9080,26,4977,7222660,113857,6876879,231924
2021-10-23,Brazil,10267,31,6058,7232927,113888,6882937,236102
2021-10-24,Brazil,12533,22,5517,7245460,113910,6888454,243096
2021-10-25,Brazil,17514,41,4884,7262974,113951,6893338,255685
2021-10-26,Brazil,13362,83,4851,7276336,114034,6898189,264113
2021-10-27,Brazil,16739,47,7378,7293075,114081,6905567,273427
2021-10-28,Brazil,14665,47,7658,7307740,114128,6913225,280387
2021-10-29,Brazil,14994,38,8627,7322734,114166,6921852,286716
2021-10-30,Brazil,14895,39,8908,7337629,114205,6930760,292664
2021-10-31,Brazil,18785,41,11297,7356414,114246,6942057,300111
2021-11-01,Brazil,23556,81,8108,7379970,114327,6950165,315478
2021-11-02,Brazil,30174,93,9978,7410144,114420,6960143,335581
2021-11-03,Brazil,25222,94,11573,7435366,114514,6971716,349136
2021-11-04,Brazil,20435,93,14679,7455801,114607,6986395,354799
2021-11-05,Brazil,20366,82,12611,7476167,114689,6999006,362472
2021-11-06,Brazil,22094,111,17032,7498261,114800,7016038,367423
2021-11-07,Brazil,23368,108,12378,7521629,114908,7028416,378305
2021-11-08,Brazil,31153,138,15558,7552782,115046,7043974,393762
2021-11-09,Brazil,36433,112,13084,7589215,115158,7057058,416999
2021-11-10,Brazil,30074,166,17162,7619289,115324,7074220,429745
2021-11-11,Brazil,33327,166,23813,7652616,115490,7098033,439093
2021-11-12,Brazil,30484,115,27045,7683100,115605,7125078,442417
2021-11-13,Brazil,29800,133,24304,7712900,115738,7149382,447780
2021-11-14,Brazil,36969,176,19000,7749869,115914,7168382,465573
2021-11-15,Brazil,49069,165,19804,7798938,116079,7188186,494673
2021-11-16,Brazil,49155,264,16160,7848093,116343,7204346,527404
2021-11-17,Brazil,44860,155,18328,7892953,116498,7222674,553781
2021-11-18,Brazil,40066,114,31749,7933019,116612,7254423,561984
2021-11-19,Brazil,38905,189,38603,7971924,116801,7293026,562097
2021-11-20,Brazil,39709,176,26242,8011633,116977,7319268,575388
2021-11-21,Brazil,40352,209,31213,8051985,117186,7350481,584318
2021-11-22,Brazil,65171,266,30127,8117156,117452,7380608,619096
2021-11-23,Brazil,60057,250,30591,8177213,117702,7411199,648312
2021-11-24,Brazil,58640,254,28293,8235853,117956,7439492,678405
2021-11-25,Brazil,51138,213,42932,8286991,118169,7482424,686398
2021-11-26,Brazil,45426,330,45619,8332417,118499,7528043,685875
2021-11-27,Brazil,50516,183,46093,8382933,118682,7574136,690115
2021-11-28,Brazil,51999,299,48073,8434932,118981,7622209,693742
2021-11-29,Brazil,80751,326,36497,8515683,119307,7658706,737670
2021-11-30,Brazil,64684,458,32757,8580367,119765,7691463,769139
2021-12-01,Brazil,62595,349,40296,8642962,120114,7731759,791089
2021-12-02,Brazil,59046,298,70828,8702008,120412,7802587,779009
2021-12-03,Brazil,62928,377,58277,8764936,120789,7860864,783283
2021-12-04,Brazil,60213,330,51190,8825149,121119,7912054,791976
2021-12-05,Brazil,62531,366,53795,8887680,121485,7965849,800346
2021-12-06,Brazil,86794,430,46502,8974474,121915,8012351,840208
2021-12-07,Brazil,87047,353,43519,9061521,122268,8055870,883383
2021-12-08,Brazil,80912,488,51823,9142433,122756,8107693,911984
2021-12-09,Brazil,72996,389,85251,9215429,123145,8192944,899340
2021-12-10,Brazil,76092,414,69435,9291521,123559,8262379,905583
2021-12-11,Brazil,78479,401,59691,9370000,123960,8322070,923970
2021-12-12,Brazil,72278,436,54654,9442278,124396,8376724,941158
2021-12-13,Brazil,97465,437,67824,9539743,124833,8444548,970362
2021-12-14,Brazil,91971,713,50809,9631714,125546,8495357,1010811
2021-12-15,Brazil,86854,482,62662,9718568,126028,8558019,1034521
2021-12-16,Brazil,63775,535,71906,9782343,126563,8629925,1025855
2021-12-17,Brazil,66773,415,92467,9849116,126978,8722392,999746
2021-12-18,Brazil,65696,504,75671,9914812,127482,8798063,989267
2021-12-19,Brazil,85110,364,78965,9999922,127846,8877028,995048
2021-12-20,Brazil,96986,742,76638,10096908,128588,8953666,1014654
2021-12-21,Brazil,76480,632,66124,10173388,129220,9019790,1024378
2021-12-22,Brazil,85009,634,79271,10258397,129854,9099061,1029482
2021-12-23,Brazil,81325,646,108080,10339722,130500,9207141,1002081
2021-12-24,Brazil,66945,443,96082,10406667,130943,9303223,972501
2021-12-25,Brazil,74075,522,77029,10480742,131465,9380252,969025
2021-12-26,Brazil,81113,606,59350,10561855,132071,9439602,990182
2021-12-27,Brazil,90006,1060,65034,10651861,133131,9504636,1014094
2021-12-28,Brazil,87299,683,58629,10739160,133814,9563265,1042081
2021-12-29,Brazil,74227,739,95533,10813387,134553,9658798,1020036
2021-12-30,Brazil,65086,473,94450,10878473,135026,9753248,990199
2021-12-31,Brazil,68276,701,53572,10946749,135727,9806820,1004202
2022-01-01,Brazil,66129,322,84378,11012878,136049,9891198,985631
2022-01-02,Brazil,73030,651,75353,11085908,136700,9966551,982657
2022-01-03,Brazil,78612,489,63785,11164520,137189,10030336,996995
2022-01-04,Brazil,80230,284,68490,11244750,137473,10098826,1008451
2022-01-05,Brazil,81492,669,84152,11326242,138142,10182978,1005122
2022-01-06,Brazil,63137,619,96080,11389379,138761,10279058,971560
2022-01-07,Brazil,51929,465,86179,11441308,139226,10365237,936845
2022-01-08,Brazil,62494,533,68840,11503802,139759,10434077,929966
2022-01-09,Brazil,64389,962,62224,11568191,140721,10496301,931169
2022-01-10,Brazil,71751,623,65673,11639942,141344,10561974,936624
2022-01-11,Brazil,81003,699,58389,11720945,142043,10620363,958539
2022-01-12,Brazil,65010,468,74167,11785955,142511,10694530,948914
2022-01-13,Brazil,57037,497,78939,11842992,143008,10773469,926515
2022-01-14,Brazil,44918,467,88885,11887910,143475,10862354,882081
2022-01-15,Brazil,49025,435,88053,11936935,143910,10950407,842618
2022-01-16,Brazil,57632,711,56455,11994567,144621,11006862,843084
2022-01-17,Brazil,52197,691,53941,12046764,145312,11060803,840649
2022-01-18,Brazil,60273,584,54289,12107037,145896,11115092,846049
2022-01-19,Brazil,53833,310,66115,12160870,146206,11181207,833457
2022-01-20,Brazil,45514,412,65322,12206384,146618,11246529,813237
2022-01-21,Brazil,43368,561,69805,12249752,147179,11316334,786239
2022-01-22,Brazil,41050,416,64157,12290802,147595,11380491,762716
2022-01-23,Brazil,48851,547,40110,12339653,148142,11420601,770910
2022-01-24,Brazil,43287,641,35570,12382940,148783,11456171,777986
2022-01-25,Brazil,46935,584,46228,12429875,149367,11502399,778109
2022-01-26,Brazil,41754,372,55782,12471629,149739,11558181,763709
2022-01-27,Brazil,31968,200,48258,12503597,149939,11606439,747219
2022-01-28,Brazil,32964,348,48723,12536561,150287,11655162,731112
2022-01-29,Brazil,35975,279,47452,12572536,150566,11702614,719356
2022-01-30,Brazil,32844,404,45402,12605380,150970,11748016,706394
2022-01-31,Brazil,36548,264,44055,12641928,151234,11792071,698623
2022-02-01,Brazil,34648,384,39344,12676576,151618,11831415,693543
2022-02-02,Brazil,28762,363,52322,12705338,151981,11883737,669620
2022-02-03,Brazil,21796,320,43206,12727134,152301,11926943,647890
2022-02-04,Brazil,20922,224,41689,12748056,152525,11968632,626899
2022-02-05,Brazil,19368,337,38959,12767424,152862,12007591,606971
2022-02-06,Brazil,26645,283,26383,12794069,153145,12033974,606950
2022-02-07,Brazil,24622,189,31303,12818691,153334,12065277,600080
2022-02-08,Brazil,23489,300,38376,12842180,153634,12103653,584893
2022-02-09,Brazil,22757,274,33690,12864937,153908,12137343,573686
2022-02-10,Brazil,16049,214,40005,12880986,154122,12177348,549516
2022-02-11,Brazil,14273,271,32254,12895259,154393,12209602,531264
2022-02-12,Brazil,14911,220,31328,12910170,154613,12240930,514627
2022-02-13,Brazil,17134,205,20519,12927304,154818,12261449,511037
2022-02-14,Brazil,17317,182,23040,12944621,155000,12284489,505132
2022-02-15,Brazil,16378,256,18552,12960999,155256,12303041,502702
2022-02-16,Brazil,14101,189,27388,12975100,155445,12330429,489226
2022-02-17,Brazil,11909,126,27123,12987009,155571,12357552,473886
2022-02-18,Brazil,10034,81,22113,12997043,155652,12379665,461726
2022-02-19,Brazil,8769,156,22323,13005812,155808,12401988,448016
2022-02-20,Brazil,10160,125,17392,13015972,155933,12419380,440659
2022-02-21,Brazil,9655,134,13519,13025627,156067,12432899,436661
2022-02-22,Brazil,10175,155,12423,13035802,156222,12445322,434258
2022-02-23,Brazil,8417,106,19973,13044219,156328,12465295,422596
2022-02-24,Brazil,8605,68,15843,13052824,156396,12481138,415290
2022-02-25,Brazil,6054,50,15972,13058878,156446,12497110,405322
2022-02-26,Brazil,5177,103,15101,13064055,156549,12512211,395295
2022-02-27,Brazil,6063,92,10736,13070118,156641,12522947,390530
2022-02-28,Brazil,6610,165,8661,13076728,156806,12531608,388314
2022-03-01,Brazil,6834,78,8631,13083562,156884,12540239,386439
2020-03-01,UK,360,2,169,360,2,169,189
2020-03-02,UK,505,3,207,865,5,376,484
2020-03-03,UK,594,4,312,1459,9,688,762
2020-03-04,UK,580,2,304,2039,11,992,1036
2020-03-05,UK,500,2,258,2539,13,1250,1276
2020-03-06,UK,641,6,287,3180,19,1537,1624
2020-03-07,UK,647,3,288,3827,22,1825,1980
2020-03-08,UK,883,8,368,4710,30,2193,2487
2020-03-09,UK,943,7,455,5653,37,2648,2968
2020-03-10,UK,997,4,426,6650,41,3074,3535
2020-03-11,UK,1104,9,304,7754,50,3378,4326
2020-03-12,UK,1009,7,464,8763,57,3842,4864
2020-03-13,UK,918,6,542,9681,63,4384,5234
2020-03-14,UK,1263,9,526,10944,72,4910,5962
2020-03-15,UK,1311,9,502,12255,81,5412,6762
2020-03-16,UK,1414,14,620,13669,95,6032,7542
2020-03-17,UK,2020,18,603,15689,113,6635,8941
2020-03-18,UK,1746,15,863,17435,128,7498,9809
2020-03-19,UK,1626,8,815,19061,136,8313,10612
2020-03-20,UK,1432,14,967,20493,150,9280,11063
2020-03-21,UK,2097,25,1075,22590,175,10355,12060
2020-03-22,UK,1992,24,823,24582,199,11178,13205
2020-03-23,UK,2651,33,969,27233,232,12147,14854
2020-03-24,UK,3085,31,1105,30318,263,13252,16803
2020-03-25,UK,2928,28,1269,33246,291,14521,18434
2020-03-26,UK,2619,26,1515,35865,317,16036,19512
2020-03-27,UK,2193,22,2118,38058,339,18154,19565
2020-03-28,UK,2590,20,1681,40648,359,19835,20454
2020-03-29,UK,3355,31,1504,44003,390,21339,22274
2020-03-30,UK,3639,42,1504,47642,432,22843,24367
2020-03-31,UK,4252,43,2148,51894,475,24991,26428
2020-04-01,UK,4298,45,1794,56192,520,26785,28887
2020-04-02,UK,4033,45,2342,60225,565,29127,30533
2020-04-03,UK,3223,28,2347,63448,593,31474,31381
2020-04-04,UK,4532,46,2854,67980,639,34328,33013
2020-04-05,UK,4828,38,2493,72808,677,36821,35310
2020-04-06,UK,5284,53,2344,78092,730,39165,38197
2020-04-07,UK,6121,55,2575,84213,785,41740,41688
2020-04-08,UK,6449,57,3650,90662,842,45390,44430
2020-04-09,UK,4360,80,3249,95022,922,48639,45461
2020-04-10,UK,4565,42,4546,99587,964,53185,45438
2020-04-11,UK,4016,63,3907,103603,1027,57092,45484
2020-04-12,UK,5876,72,4172,109479,1099,61264,47116
2020-04-13,UK,6844,107,2642,116323,1206,63906,51211
2020-04-14,UK,6982,128,4453,123305,1334,68359,53612
2020-04-15,UK,6322,120,3715,129627,1454,72074,56099
2020-04-16,UK,5011,101,4937,134638,1555,77011,56072
2020-04-17,UK,5760,73,6134,140398,1628,83145,55625
2020-04-18,UK,6587,81,5868,146985,1709,89013,56263
2020-04-19,UK,6486,159,3745,153471,1868,92758,58845
2020-04-20,UK,8007,106,4753,161478,1974,97511,61993
2020-04-21,UK,7046,164,3815,168524,2138,101326,65060
2020-04-22,UK,7867,184,5364,176391,2322,106690,67379
2020-04-23,UK,6530,91,6597,182921,2413,113287,67221
2020-04-24,UK,5841,130,8470,188762,2543,121757,64462
2020-04-25,UK,6094,109,6769,194856,2652,128526,63678
2020-04-26,UK,7171,186,5369,202027,2838,133895,65294
2020-04-27,UK,8574,145,5770,210601,2983,139665,67953
2020-04-28,UK,7669,121,6428,218270,3104,146093,69073
2020-04-29,UK,7728,133,4734,225998,3237,150827,71934
2020-04-30,UK,6988,122,7164,232986,3359,157991,71636
2020-05-01,UK,5835,136,6439,238821,3495,164430,70896
2020-05-02,UK,7547,141,6136,246368,3636,170566,72166
2020-05-03,UK,6937,93,5543,253305,3729,176109,73467
2020-05-04,UK,7829,204,4496,261134,3933,180605,76596
2020-05-05,UK,7767,229,5827,268901,4162,186432,78307
2020-05-06,UK,8878,200,7447,277779,4362,193879,79538
2020-05-07,UK,7040,170,9142,284819,4532,203021,77266
2020-05-08,UK,5627,151,7667,290446,4683,210688,75075
2020-05-09,UK,6754,152,6704,297200,4835,217392,74973
2020-05-10,UK,7034,197,5412,304234,5032,222804,76398
2020-05-11,UK,7763,214,4617,311997,5246,227421,79330
2020-05-12,UK,7450,166,6325,319447,5412,233746,80289
2020-05-13,UK,6559,150,6067,326006,5562,239813,80631
2020-05-14,UK,6156,153,7395,332162,5715,247208,79239
2020-05-15,UK,5115,142,6700,337277,5857,253908,77512
2020-05-16,UK,6178,162,8811,343455,6019,262719,74717
2020-05-17,UK,5347,169,6601,348802,6188,269320,73294
2020-05-18,UK,7261,195,5407,356063,6383,274727,74953
2020-05-19,UK,6383,207,7223,362446,6590,281950,73906
2020-05-20,UK,5939,255,5955,368385,6845,287905,73635
2020-05-21,UK,5256,163,7764,373641,7008,295669,70964
2020-05-22,UK,4128,95,7142,377769,7103,302811,67855
2020-05-23,UK,4636,143,6086,382405,7246,308897,66262
2020-05-24,UK,3706,161,6432,386111,7407,315329,63375
2020-05-25,UK,4790,111,5342,390901,7518,320671,62712
2020-05-26,UK,4636,216,5369,395537,7734,326040,61763
2020-05-27,UK,4012,153,5039,399549,7887,331079,60583
2020-05-28,UK,3681,150,7166,403230,8037,338245,56948
2020-05-29,UK,3369,147,5960,406599,8184,344205,54210
2020-05-30,UK,3404,122,6034,410003,8306,350239,51458
2020-05-31,UK,3545,134,5187,413548,8440,355426,49682
2020-06-01,UK,3498,160,4689,417046,8600,360115,48331
2020-06-02,UK,3705,138,3769,420751,8738,363884,48129
2020-06-03,UK,3201,113,3514,423952,8851,367398,47703
2020-06-04,UK,2830,157,4180,426782,9008,371578,46196
2020-06-05,UK,2413,85,4719,429195,9093,376297,43805
2020-06-06,UK,2222,118,3228,431417,9211,379525,42681
2020-06-07,UK,2195,51,3656,433612,9262,383181,41169
2020-06-08,UK,2355,132,3030,435967,9394,386211,40362
2020-06-09,UK,2289,125,3027,438256,9519,389238,39499
2020-06-10,UK,2033,91,2910,440289,9610,392148,38531
2020-06-11,UK,1750,78,3201,442039,9688,395349,37002
2020-06-12,UK,1546,81,3942,443585,9769,399291,34525
2020-06-13,UK,1406,110,3065,444991,9879,402356,32756
2020-06-14,UK,1492,51,2887,446483,9930,405243,31310
2020-06-15,UK,1567,89,2702,448050,10019,407945,30086
2020-06-16,UK,1416,67,2189,449466,10086,410134,29246
2020-06-17,UK,1179,70,1989,450645,10156,412123,28366
2020-06-18,UK,890,59,2366,451535,10215,414489,26831
2020-06-19,UK,826,48,2077,452361,10263,416566,25532
2020-06-20,UK,867,49,1853,453228,10312,418419,24497
2020-06-21,UK,824,37,1424,454052,10349,419843,23860
2020-06-22,UK,883,62,1621,454935,10411,421464,23060
2020-06-23,UK,882,32,1297,455817,10443,422761,22613
2020-06-24,UK,757,49,1458,456574,10492,424219,21863
2020-06-25,UK,535,35,1348,457109,10527,425567,21015
2020-06-26,UK,531,25,1418,457640,10552,426985,20103
2020-06-27,UK,509,32,1045,458149,10584,428030,19535
2020-06-28,UK,441,22,842,458590,10606,428872,19112
2020-06-29,UK,465,34,862,459055,10640,429734,18681
2020-06-30,UK,513,22,898,459568,10662,430632,18274
2020-07-01,UK,395,28,789,459963,10690,431421,17852
2020-07-02,UK,265,15,697,460228,10705,432118,17405
2020-07-03,UK,240,16,1100,460468,10721,433218,16529
2020-07-04,UK,253,19,853,460721,10740,434071,15910
2020-07-05,UK,245,15,550,460966,10755,434621,15590
2020-07-06,UK,271,18,471,461237,10773,435092,15372
2020-07-07,UK,269,13,483,461506,10786,435575,15145
2020-07-08,UK,260,18,400,461766,10804,435975,14987
2020-07-09,UK,188,15,502,461954,10819,436477,14658
2020-07-10,UK,180,17,505,462134,10836,436982,14316
2020-07-11,UK,182,11,349,462316,10847,437331,14138
2020-07-12,UK,198,10,242,462514,10857,437573,14084
2020-07-13,UK,197,6,256,462711,10863,437829,14019
2020-07-14,UK,162,14,281,462873,10877,438110,13886
2020-07-15,UK,183,9,271,463056,10886,438381,13789
2020-07-16,UK,167,5,279,463223,10891,438660,13672
2020-07-17,UK,140,6,251,463363,10897,438911,13555
2020-07-18,UK,167,5,168,463530,10902,439079,13549
2020-07-19,UK,181,4,185,463711,10906,439264,13541
2020-07-20,UK,203,6,172,463914,10912,439436,13566
2020-07-21,UK,223,4,177,464137,10916,439613,13608
2020-07-22,UK,203,6,191,464340,10922,439804,13614
2020-07-23,UK,145,3,164,464485,10925,439968,13592
2020-07-24,UK,166,3,164,464651,10928,440132,13591
2020-07-25,UK,207,3,186,464858,10931,440318,13609
2020-07-26,UK,211,4,171,465069,10935,440489,13645
2020-07-27,UK,261,3,147,465330,10938,440636,13756
2020-07-28,UK,265,2,170,465595,10940,440806,13849
2020-07-29,UK,326,3,166,465921,10943,440972,14006
2020-07-30,UK,301,3,193,466222,10946,441165,14111
2020-07-31,UK,239,2,216,466461,10948,441381,14132
2020-08-01,UK,287,2,196,466748,10950,441577,14221
2020-08-02,UK,323,5,153,467071,10955,441730,14386
2020-08-03,UK,427,3,169,467498,10958,441899,14641
2020-08-04,UK,462,4,240,467960,10962,442139,14859
2020-08-05,UK,468,3,247,468428,10965,442386,15077
2020-08-06,UK,421,2,252,468849,10967,442638,15244
2020-08-07,UK,492,3,156,469341,10970,442794,15577
2020-08-08,UK,402,5,351,469743,10975,443145,15623
2020-08-09,UK,455,4,273,470198,10979,443418,15801
2020-08-10,UK,607,4,211,470805,10983,443629,16193
2020-08-11,UK,597,6,264,471402,10989,443893,16520
2020-08-12,UK,593,6,296,471995,10995,444189,16811
2020-08-13,UK,577,8,435,472572,11003,444624,16945
2020-08-14,UK,563,2,374,473135,11005,444998,17132
2020-08-15,UK,615,6,400,473750,11011,445398,17341
2020-08-16,UK,832,9,418,474582,11020,445816,17746
2020-08-17,UK,907,8,501,475489,11028,446317,18144
2020-08-18,UK,1011,9,410,476500,11037,446727,18736
2020-08-19,UK,1080,10,402,477580,11047,447129,19404
2020-08-20,UK,878,7,525,478458,11054,447654,19750
2020-08-21,UK,883,9,544,479341,11063,448198,20080
2020-08-22,UK,1013,7,582,480354,11070,448780,20504
2020-08-23,UK,993,8,636,481347,11078,449416,20853
2020-08-24,UK,1121,15,429,482468,11093,449845,21530
2020-08-25,UK,1539,13,577,484007,11106,450422,22479
2020-08-26,UK,1523,12,692,485530,11118,451114,23298
2020-08-27,UK,1577,13,726,487107,11131,451840,24136
2020-08-28,UK,1316,10,1064,488423,11141,452904,24378
2020-08-29,UK,1505,10,1093,489928,11151,453997,24780
2020-08-30,UK,1654,14,880,491582,11165,454877,25540
2020-08-31,UK,2017,18,925,493599,11183,455802,26614
2020-09-01,UK,2403,16,925,496002,11199,456727,28076
2020-09-02,UK,1714,19,912,497716,11218,457639,28859
2020-09-03,UK,1962,15,1311,499678,11233,458950,29495
2020-09-04,UK,2126,25,1441,501804,11258,460391,30155
2020-09-05,UK,2009,9,1569,503813,11267,461960,30586
2020-09-06,UK,2635,19,1514,506448,11286,463474,31688
2020-09-07,UK,2581,30,1029,509029,11316,464503,33210
2020-09-08,UK,2905,31,1149,511934,11347,465652,34935
2020-09-09,UK,2832,35,1495,514766,11382,467147,36237
2020-09-10,UK,2127,32,2140,516893,11414,469287,36192
2020-09-11,UK,2232,22,2488,519125,11436,471775,35914
2020-09-12,UK,2419,16,1795,521544,11452,473570,36522
2020-09-13,UK,3333,34,1697,524877,11486,475267,38124
2020-09-14,UK,3889,33,2370,528766,11519,477637,39610
2020-09-15,UK,3979,40,1742,532745,11559,479379,41807
2020-09-16,UK,3992,30,2583,536737,11589,481962,43186
2020-09-17,UK,3369,52,2475,540106,11641,484437,44028
2020-09-18,UK,3547,62,2740,543653,11703,487177,44773
2020-09-19,UK,3473,41,3082,547126,11744,490259,45123
2020-09-20,UK,4094,47,1897,551220,11791,492156,47273
2020-09-21,UK,4617,38,1853,555837,11829,494009,49999
2020-09-22,UK,5284,62,2326,561121,11891,496335,52895
2020-09-23,UK,4654,75,3071,565775,11966,499406,54403
2020-09-24,UK,4713,39,4994,570488,12005,504400,54083
2020-09-25,UK,3752,22,4078,574240,12027,508478,53735
2020-09-26,UK,4018,53,3675,578258,12080,512153,54025
2020-09-27,UK,5433,77,2892,583691,12157,515045,56489
2020-09-28,UK,5893,51,2764,589584,12208,517809,59567
2020-09-29,UK,6048,80,2992,595632,12288,520801,62543
2020-09-30,UK,6435,84,3975,602067,12372,524776,64919
2020-10-01,UK,5165,64,5064,607232,12436,529840,64956
2020-10-02,UK,5019,57,5641,612251,12493,535481,64277
2020-10-03,UK,6029,80,4570,618280,12573,540051,65656
2020-10-04,UK,7089,72,4378,625369,12645,544429,68295
2020-10-05,UK,8153,62,3698,633522,12707,548127,72688
2020-10-06,UK,7453,60,3657,640975,12767,551784,76424
2020-10-07,UK,7983,112,6111,648958,12879,557895,78184
2020-10-08,UK,6042,101,5550,655000,12980,563445,78575
2020-10-09,UK,5672,73,5755,660672,13053,569200,78419
2020-10-10,UK,5256,70,4808,665928,13123,574008,78797
2020-10-11,UK,8507,93,4861,674435,13216,578869,82350
2020-10-12,UK,7979,88,5221,682414,13304,584090,85020
2020-10-13,UK,8894,105,5169,691308,13409,589259,88640
2020-10-14,UK,7904,70,6294,699212,13479,595553,90180
2020-10-15,UK,8062,83,8447,707274,13562,604000,89712
2020-10-16,UK,6899,89,6098,714173,13651,610098,90424
2020-10-17,UK,6713,128,8474,720886,13779,618572,88535
2020-10-18,UK,8955,133,5491,729841,13912,624063,91866
2020-10-19,UK,8709,179,5233,738550,14091,629296,95163
2020-10-20,UK,9580,179,4478,748130,14270,633774,100086
2020-10-21,UK,8065,182,8475,756195,14452,642249,99494
2020-10-22,UK,7666,124,9544,763861,14576,651793,97492
2020-10-23,UK,8137,107,9205,771998,14683,660998,96317
2020-10-24,UK,7094,79,6932,779092,14762,667930,96400
2020-10-25,UK,8524,183,8618,787616,14945,676548,96123
2020-10-26,UK,10949,200,6413,798565,15145,682961,100459
2020-10-27,UK,10885,178,7330,809450,15323,690291,103836
2020-10-28,UK,12409,204,9290,821859,15527,699581,106751
2020-10-29,UK,10899,104,5899,832758,15631,705480,111647
2020-10-30,UK,8166,99,8273,840924,15730,713753,111441
2020-10-31,UK,9575,146,8473,850499,15876,722226,112397
2020-11-01,UK,11114,175,7470,861613,16051,729696,115866
2020-11-02,UK,11257,204,7011,872870,16255,736707,119908
2020-11-03,UK,10768,177,6378,883638,16432,743085,124121
2020-11-04,UK,11443,123,6623,895081,16555,749708,128818
2020-11-05,UK,9987,135,10418,905068,16690,760126,128252
2020-11-06,UK,8984,104,12759,914052,16794,772885,124373
2020-11-07,UK,10025,101,12871,924077,16895,785756,121426
2020-11-08,UK,10365,187,12754,934442,17082,798510,118850
2020-11-09,UK,11237,236,8531,945679,17318,807041,121320
2020-11-10,UK,12862,214,10136,958541,17532,817177,123832
2020-11-11,UK,12256,149,12775,970797,17681,829952,123164
2020-11-12,UK,9480,185,11214,980277,17866,841166,121245
2020-11-13,UK,10289,112,10143,990566,17978,851309,121279
2020-11-14,UK,8513,216,12119,999079,18194,863428,117457
2020-11-15,UK,10726,179,10981,1009805,18373,874409,117023
2020-11-16,UK,12310,160,8210,1022115,18533,882619,120963
2020-11-17,UK,12235,197,8929,1034350,18730,891548,124072
2020-11-18,UK,11427,181,10088,1045777,18911,901636,125230
2020-11-19,UK,12059,235,11684,1057836,19146,913320,125370
2020-11-20,UK,8907,138,13332,1066743,19284,926652,120807
2020-11-21,UK,11779,130,10090,1078522,19414,936742,122366
2020-11-22,UK,11514,106,10840,1090036,19520,947582,122934
2020-11-23,UK,12471,201,9244,1102507,19721,956826,125960
2020-11-24,UK,13123,205,7955,1115630,19926,964781,130923
2020-11-25,UK,14049,157,9367,1129679,20083,974148,135448
2020-11-26,UK,9385,210,15006,1139064,20293,989154,129617
2020-11-27,UK,8421,209,12029,1147485,20502,1001183,125800
2020-11-28,UK,8922,151,10036,1156407,20653,1011219,124535
2020-11-29,UK,10702,244,12576,1167109,20897,1023795,122417
2020-11-30,UK,10193,249,9208,1177302,21146,1033003,123153
2020-12-01,UK,12045,182,11095,1189347,21328,1044098,123921
2020-12-02,UK,12565,161,11982,1201912,21489,1056080,124343
2020-12-03,UK,9731,249,10984,1211643,21738,1067064,122841
2020-12-04,UK,8481,170,11977,1220124,21908,1079041,119175
2020-12-05,UK,8438,216,10775,1228562,22124,1089816,116622
2020-12-06,UK,10649,169,7816,1239211,22293,1097632,119286
2020-12-07,UK,10236,247,9545,1249447,22540,1107177,119730
2020-12-08,UK,12734,196,9971,1262181,22736,1117148,122297
2020-12-09,UK,11740,242,10341,1273921,22978,1127489,123454
2020-12-10,UK,8976,213,11412,1282897,23191,1138901,120805
2020-12-11,UK,7904,128,11378,1290801,23319,1150279,117203
2020-12-12,UK,8716,107,11768,1299517,23426,1162047,114044
2020-12-13,UK,9760,148,9394,1309277,23574,1171441,114262
2020-12-14,UK,9222,213,8040,1318499,23787,1179481,115231
2020-12-15,UK,9519,221,7926,1328018,24008,1187407,116603
2020-12-16,UK,8109,213,11391,1336127,24221,1198798,113108
2020-12-17,UK,8068,152,9974,1344195,24373,1208772,111050
2020-12-18,UK,7371,161,13095,1351566,24534,1221867,105165
2020-12-19,UK,6327,121,12432,1357893,24655,1234299,98939
2020-12-20,UK,7586,196,8951,1365479,24851,1243250,97378
2020-12-21,UK,7685,151,6851,1373164,25002,1250101,98061
2020-12-22,UK,8027,180,7235,1381191,25182,1257336,98673
2020-12-23,UK,8207,176,9509,1389398,25358,1266845,97195
2020-12-24,UK,6350,143,8701,1395748,25501,1275546,94701
2020-12-25,UK,5875,134,9218,1401623,25635,1284764,91224
2020-12-26,UK,5287,156,7772,1406910,25791,1292536,88583
2020-12-27,UK,6822,43,9746,1413732,25834,1302282,85616
2020-12-28,UK,7302,132,6134,1421034,25966,1308416,86652
2020-12-29,UK,6904,150,4865,1427938,26116,1313281,88541
2020-12-30,UK,6541,180,7524,1434479,26296,1320805,87378
2020-12-31,UK,5763,107,7099,1440242,26403,1327904,85935
2021-01-01,UK,4724,129,7949,1444966,26532,1335853,82581
2021-01-02,UK,4486,139,8338,1449452,26671,1344191,78590
2021-01-03,UK,6420,95,6878,1455872,26766,1351069,78037
2021-01-04,UK,5790,140,4789,1461662,26906,1355858,78898
2021-01-05,UK,6041,114,4792,1467703,27020,1360650,80033
2021-01-06,UK,5948,124,6829,1473651,27144,1367479,79028
2021-01-07,UK,6024,89,7550,1479675,27233,1375029,77413
2021-01-08,UK,3756,84,8081,1483431,27317,1383110,73004
2021-01-09,UK,4345,137,6879,1487776,27454,1389989,70333
2021-01-10,UK,4359,133,5501,1492135,27587,1395490,69058
2021-01-11,UK,4805,149,4131,1496940,27736,1399621,69583
2021-01-12,UK,4722,127,4063,1501662,27863,1403684,70115
2021-01-13,UK,4122,74,5797,1505784,27937,1409481,68366
2021-01-14,UK,3858,103,5922,1509642,28040,1415403,66199
2021-01-15,UK,3036,95,5948,1512678,28135,1421351,63192
2021-01-16,UK,3730,61,4954,1516408,28196,1426305,61907
2021-01-17,UK,3847,127,5530,1520255,28323,1431835,60097
2021-01-18,UK,4317,109,3922,1524572,28432,1435757,60383
2021-01-19,UK,4028,137,4317,1528600,28569,1440074,59957
2021-01-20,UK,3690,90,4422,1532290,28659,1444496,59135
2021-01-21,UK,3342,77,4789,1535632,28736,1449285,57611
2021-01-22,UK,2652,57,5270,1538284,28793,1454555,54936
2021-01-23,UK,2883,92,4050,1541167,28885,1458605,53677
2021-01-24,UK,3079,45,3560,1544246,28930,1462165,53151
2021-01-25,UK,3380,46,2647,1547626,28976,1464812,53838
2021-01-26,UK,3063,78,3670,1550689,29054,1468482,53153
2021-01-27,UK,3750,61,2791,1554439,29115,1471273,54051
2021-01-28,UK,2785,63,4067,1557224,29178,1475340,52706
2021-01-29,UK,2922,58,3787,1560146,29236,1479127,51783
2021-01-30,UK,2988,54,3059,1563134,29290,1482186,51658
2021-01-31,UK,2793,39,2910,1565927,29329,1485096,51502
2021-02-01,UK,3178,98,2752,1569105,29427,1487848,51830
2021-02-02,UK,4318,52,2831,1573423,29479,1490679,53265
2021-02-03,UK,3819,47,2985,1577242,29526,1493664,54052
2021-02-04,UK,2959,65,3344,1580201,29591,1497008,53602
2021-02-05,UK,2796,39,2967,1582997,29630,1499975,53392
2021-02-06,UK,2727,45,4047,1585724,29675,1504022,52027
2021-02-07,UK,3421,54,2706,1589145,29729,1506728,52688
2021-02-08,UK,3549,65,2396,1592694,29794,1509124,53776
2021-02-09,UK,3303,45,3336,1595997,29839,1512460,53698
2021-02-10,UK,3354,78,2780,1599351,29917,1515240,54194
2021-02-11,UK,3383,25,2871,1602734,29942,1518111,54681
2021-02-12,UK,2882,53,3625,1605616,29995,1521736,53885
2021-02-13,UK,3354,39,3811,1608970,30034,1525547,53389
2021-02-14,UK,3601,56,2807,1612571,30090,1528354,54127
2021-02-15,UK,4261,51,3106,1616832,30141,1531460,55231
2021-02-16,UK,5151,59,2527,1621983,30200,1533987,57796
2021-02-17,UK,4730,68,3009,1626713,30268,1536996,59449
2021-02-18,UK,4216,55,3712,1630929,30323,1540708,59898
2021-02-19,UK,4277,49,3464,1635206,30372,1544172,60662
2021-02-20,UK,4454,34,3274,1639660,30406,1547446,61808
2021-02-21,UK,5631,48,3467,1645291,30454,1550913,63924
2021-02-22,UK,5644,55,2756,1650935,30509,1553669,66757
2021-02-23,UK,6035,51,3295,1656970,30560,1556964,69446
2021-02-24,UK,5411,60,3859,1662381,30620,1560823,70938
2021-02-25,UK,5325,31,4346,1667706,30651,1565169,71886
2021-02-26,UK,5642,47,4861,1673348,30698,1570030,72620
2021-02-27,UK,6219,49,5154,1679567,30747,1575184,73636
2021-02-28,UK,7148,46,3090,1686715,30793,1578274,77648
2021-03-01,UK,6607,56,4948,1693322,30849,1583222,79251
2021-03-02,UK,8942,76,3546,1702264,30925,1586768,84571
2021-03-03,UK,6779,20,5066,1709043,30945,1591834,86264
2021-03-04,UK,7772,55,5396,1716815,31000,1597230,88585
2021-03-05,UK,6676,54,5708,1723491,31054,1602938,89499
2021-03-06,UK,7800,75,5717,1731291,31129,1608655,91507
2021-03-07,UK,7758,72,4571,1739049,31201,1613226,94622
2021-03-08,UK,11008,82,5557,1750057,31283,1618783,99991
2021-03-09,UK,9452,120,5625,1759509,31403,1624408,103698
2021-03-10,UK,9758,99,7064,1769267,31502,1631472,106293
2021-03-11,UK,8624,95,6301,1777891,31597,1637773,108521
2021-03-12,UK,7616,77,8664,1785507,31674,1646437,107396
2021-03-13,UK,9547,104,6149,1795054,31778,1652586,110690
2021-03-14,UK,12700,103,7080,1807754,31881,1659666,116207
2021-03-15,UK,15541,96,6593,1823295,31977,1666259,125059
2021-03-16,UK,13671,146,8194,1836966,32123,1674453,130390
2021-03-17,UK,14166,90,7002,1851132,32213,1681455,137464
2021-03-18,UK,11986,151,9649,1863118,32364,1691104,139650
2021-03-19,UK,11512,97,9630,1874630,32461,1700734,141435
2021-03-20,UK,11461,131,9337,1886091,32592,1710071,143428
2021-03-21,UK,13946,150,8966,1900037,32742,1719037,148258
2021-03-22,UK,16449,198,6649,1916486,32940,1725686,157860
2021-03-23,UK,15849,101,7534,1932335,33041,1733220,166074
2021-03-24,UK,15751,158,11542,1948086,33199,1744762,170125
2021-03-25,UK,14201,150,13776,1962287,33349,1758538,170400
2021-03-26,UK,14235,133,13020,1976522,33482,1771558,171482
2021-03-27,UK,12931,110,12733,1989453,33592,1784291,171570
2021-03-28,UK,16319,163,12359,2005772,33755,1796650,175367
2021-03-29,UK,21582,275,10733,2027354,34030,1807383,185941
2021-03-30,UK,21445,170,11168,2048799,34200,1818551,196048
2021-03-31,UK,20617,196,13599,2069416,34396,1832150,202870
2021-04-01,UK,16693,231,16098,2086109,34627,1848248,203234
2021-04-02,UK,15904,167,15178,2102013,34794,1863426,203793
2021-04-03,UK,17635,143,15893,2119648,34937,1879319,205392
2021-04-04,UK,21169,168,12548,2140817,35105,1891867,213845
2021-04-05,UK,18041,255,15577,2158858,35360,1907444,216054
2021-04-06,UK,19937,169,12120,2178795,35529,1919564,223702
2021-04-07,UK,23219,217,13611,2202014,35746,1933175,233093
2021-04-08,UK,18298,219,21108,2220312,35965,1954283,230064
2021-04-09,UK,16387,259,18834,2236699,36224,1973117,227358
2021-04-10,UK,16313,211,21109,2253012,36435,1994226,222351
2021-04-11,UK,19861,201,19566,2272873,36636,2013792,222445
2021-04-12,UK,20843,384,14066,2293716,37020,2027858,228838
2021-04-13,UK,28402,289,17492,2322118,37309,2045350,239459
2021-04-14,UK,22780,222,16754,2344898,37531,2062104,245263
2021-04-15,UK,20109,230,18105,2365007,37761,2080209,247037
2021-04-16,UK,19467,292,17444,2384474,38053,2097653,248768
2021-04-17,UK,20846,260,20897,2405320,38313,2118550,248457
2021-04-18,UK,23731,302,15631,2429051,38615,2134181,256255
2021-04-19,UK,26907,340,16883,2455958,38955,2151064,265939
2021-04-20,UK,24246,202,17237,2480204,39157,2168301,272746
2021-04-21,UK,23246,244,19111,2503450,39401,2187412,276637
2021-04-22,UK,22252,175,18279,2525702,39576,2205691,280435
2021-04-23,UK,18372,248,31599,2544074,39824,2237290,266960
2021-04-24,UK,19848,237,20227,2563922,40061,2257517,266344
2021-04-25,UK,23221,365,15130,2587143,40426,2272647,274070
2021-04-26,UK,26710,306,19544,2613853,40732,2292191,280930
2021-04-27,UK,22089,365,17801,2635942,41097,2309992,284853
2021-04-28,UK,25244,318,25033,2661186,41415,2335025,284746
2021-04-29,UK,20510,287,24846,2681696,41702,2359871,280123
2021-04-30,UK,20092,180,24681,2701788,41882,2384552,275354
2021-05-01,UK,20789,447,25443,2722577,42329,2409995,270253
2021-05-02,UK,24893,363,18779,2747470,42692,2428774,276004
2021-05-03,UK,27144,388,16638,2774614,43080,2445412,286122
2021-05-04,UK,27641,376,18909,2802255,43456,2464321,294478
2021-05-05,UK,25664,366,25719,2827919,43822,2490040,294057
2021-05-06,UK,20489,298,23953,2848408,44120,2513993,290295
2021-05-07,UK,18160,220,19944,2866568,44340,2533937,288291
2021-05-08,UK,19832,305,25392,2886400,44645,2559329,282426
2021-05-09,UK,21987,342,18553,2908387,44987,2577882,285518
2021-05-10,UK,22366,306,19582,2930753,45293,2597464,287996
2021-05-11,UK,23984,387,16860,2954737,45680,2614324,294733
2021-05-12,UK,21238,364,29188,2975975,46044,2643512,286419
2021-05-13,UK,17171,319,22546,2993146,46363,2666058,280725
2021-05-14,UK,18289,348,25681,3011435,46711,2691739,272985
2021-05-15,UK,16944,282,24557,3028379,46993,2716296,265090
2021-05-16,UK,21874,357,23431,3050253,47350,2739727,263176
2021-05-17,UK,17949,425,15123,3068202,47775,2754850,265577
2021-05-18,UK,19856,318,22815,3088058,48093,2777665,262300
2021-05-19,UK,18993,348,22705,3107051,48441,2800370,258240
2021-05-20,UK,17782,281,22366,3124833,48722,2822736,253375
2021-05-21,UK,15043,196,20757,3139876,48918,2843493,247465
2021-05-22,UK,15116,387,21552,3154992,49305,2865045,240642
2021-05-23,UK,14865,210,15291,3169857,49515,2880336,240006
2021-05-24,UK,16184,220,19781,3186041,49735,2900117,236189
2021-05-25,UK,18322,402,14686,3204363,50137,2914803,239423
2021-05-26,UK,14422,321,20761,3218785,50458,2935564,232763
2021-05-27,UK,13260,180,16274,3232045,50638,2951838,229569
2021-05-28,UK,12809,270,17179,3244854,50908,2969017,224929
2021-05-29,UK,11416,288,19584,3256270,51196,2988601,216473
2021-05-30,UK,15399,286,17984,3271669,51482,3006585,213602
2021-05-31,UK,16262,358,16187,3287931,51840,3022772,213319
2021-06-01,UK,12895,170,11928,3300826,52010,3034700,214116
2021-06-02,UK,12300,282,15789,3313126,52292,3050489,210345
2021-06-03,UK,9239,286,19429,3322365,52578,3069918,199869
2021-06-04,UK,9371,230,16794,3331736,52808,3086712,192216
2021-06-05,UK,10613,188,16468,3342349,52996,3103180,186173
2021-06-06,UK,10589,181,12394,3352938,53177,3115574,184187
2021-06-07,UK,12254,228,10609,3365192,53405,3126183,185604
2021-06-08,UK,10277,275,10624,3375469,53680,3136807,184982
2021-06-09,UK,11155,208,16332,3386624,53888,3153139,179597
2021-06-10,UK,8475,206,14302,3395099,54094,3167441,173564
2021-06-11,UK,7804,131,11636,3402903,54225,3179077,169601
2021-06-12,UK,7697,139,12508,3410600,54364,3191585,164651
2021-06-13,UK,7585,159,8872,3418185,54523,3200457,163205
2021-06-14,UK,8225,191,9522,3426410,54714,3209979,161717
2021-06-15,UK,9611,197,10430,3436021,54911,3220409,160701
2021-06-16,UK,8201,159,10653,3444222,55070,3231062,158090
2021-06-17,UK,7245,178,11255,3451467,55248,3242317,153902
2021-06-18,UK,5994,123,10094,3457461,55371,3252411,149679
2021-06-19,UK,5844,135,9715,3463305,55506,3262126,145673
2021-06-20,UK,5392,136,9184,3468697,55642,3271310,141745
2021-06-21,UK,6530,134,7016,3475227,55776,3278326,141125
2021-06-22,UK,6519,127,8223,3481746,55903,3286549,139294
2021-06-23,UK,6692,171,7111,3488438,56074,3293660,138704
2021-06-24,UK,5105,108,8055,3493543,56182,3301715,135646
2021-06-25,UK,4723,81,8769,3498266,56263,3310484,131519
2021-06-26,UK,4333,78,7073,3502599,56341,3317557,128701
2021-06-27,UK,4199,85,5741,3506798,56426,3323298,127074
2021-06-28,UK,4767,103,5146,3511565,56529,3328444,126592
2021-06-29,UK,4684,147,5428,3516249,56676,3333872,125701
2021-06-30,UK,3745,74,5285,3519994,56750,3339157,124087
2021-07-01,UK,3263,83,6902,3523257,56833,3346059,120365
2021-07-02,UK,2861,75,5979,3526118,56908,3352038,117172
2021-07-03,UK,3210,45,5857,3529328,56953,3357895,114480
2021-07-04,UK,2538,55,4193,3531866,57008,3362088,112770
2021-07-05,UK,3521,68,4751,3535387,57076,3366839,111472
2021-07-06,UK,2875,66,4735,3538262,57142,3371574,109546
2021-07-07,UK,2423,84,4541,3540685,57226,3376115,107344
2021-07-08,UK,2462,59,4901,3543147,57285,3381016,104846
2021-07-09,UK,2047,50,4783,3545194,57335,3385799,102060
2021-07-10,UK,2068,56,4205,3547262,57391,3390004,99867
2021-07-11,UK,2128,68,3236,3549390,57459,3393240,98691
2021-07-12,UK,2444,76,2924,3551834,57535,3396164,98135
2021-07-13,UK,2109,34,2982,3553943,57569,3399146,97228
2021-07-14,UK,1736,50,2104,3555679,57619,3401250,96810
2021-07-15,UK,1484,37,3149,3557163,57656,3404399,95108
2021-07-16,UK,1357,35,2757,3558520,57691,3407156,93673
2021-07-17,UK,1119,35,2340,3559639,57726,3409496,92417
2021-07-18,UK,1197,30,2818,3560836,57756,3412314,90766
2021-07-19,UK,1284,43,1981,3562120,57799,3414295,90026
2021-07-20,UK,1048,30,2219,3563168,57829,3416514,88825
2021-07-21,UK,1103,23,1953,3564271,57852,3418467,87952
2021-07-22,UK,757,26,2273,3565028,57878,3420740,86410
2021-07-23,UK,760,25,1755,3565788,57903,3422495,85390
2021-07-24,UK,778,27,1542,3566566,57930,3424037,84599
2021-07-25,UK,737,29,1499,3567303,57959,3425536,83808
2021-07-26,UK,901,25,1303,3568204,57984,3426839,83381
2021-07-27,UK,667,25,1175,3568871,58009,3428014,82848
2021-07-28,UK,712,24,1169,3569583,58033,3429183,82367
2021-07-29,UK,557,21,1189,3570140,58054,3430372,81714
2021-07-30,UK,385,15,1222,3570525,58069,3431594,80862
2021-07-31,UK,519,12,1048,3571044,58081,3432642,80321
2021-08-01,UK,444,14,811,3571488,58095,3433453,79940
2021-08-02,UK,428,11,700,3571916,58106,3434153,79657
2021-08-03,UK,387,11,799,3572303,58117,3434952,79234
2021-08-04,UK,367,14,773,3572670,58131,3435725,78814
2021-08-05,UK,298,9,882,3572968,58140,3436607,78221
2021-08-06,UK,255,8,489,3573223,58148,3437096,77979
2021-08-07,UK,235,9,684,3573458,58157,3437780,77521
2021-08-08,UK,264,6,600,3573722,58163,3438380,77179
2021-08-09,UK,250,11,389,3573972,58174,3438769,77029
2021-08-10,UK,205,7,520,3574177,58181,3439289,76707
2021-08-11,UK,205,7,352,3574382,58188,3439641,76553
2021-08-12,UK,135,5,381,3574517,58193,3440022,76302
2021-08-13,UK,144,4,386,3574661,58197,3440408,76056
2021-08-14,UK,122,5,366,3574783,58202,3440774,75807
2021-08-15,UK,140,5,320,3574923,58207,3441094,75622
2021-08-16,UK,157,4,241,3575080,58211,3441335,75534
2021-08-17,UK,124,5,234,3575204,58216,3441569,75419
2021-08-18,UK,125,5,253,3575329,58221,3441822,75286
2021-08-19,UK,90,2,216,3575419,58223,3442038,75158
2021-08-20,UK,90,2,152,3575509,58225,3442190,75094
2021-08-21,UK,74,2,205,3575583,58227,3442395,74961
2021-08-22,UK,75,2,131,3575658,58229,3442526,74903
2021-08-23,UK,90,3,129,3575748,58232,3442655,74861
2021-08-24,UK,80,2,98,3575828,58234,3442753,74841
2021-08-25,UK,68,2,142,3575896,58236,3442895,74765
2021-08-26,UK,60,1,146,3575956,58237,3443041,74678
2021-08-27,UK,55,1,125,3576011,58238,3443166,74607
2021-08-28,UK,62,1,142,3576073,58239,3443308,74526
2021-08-29,UK,53,1,67,3576126,58240,3443375,74511
2021-08-30,UK,72,1,80,3576198,58241,3443455,74502
2021-08-31,UK,79,0,69,3576277,58241,3443524,74512
2021-09-01,UK,73,1,82,3576350,58242,3443606,74502
2021-09-02,UK,73,1,72,3576423,58243,3443678,74502
2021-09-03,UK,63,0,91,3576486,58243,3443769,74474
2021-09-04,UK,69,0,66,3576555,58243,3443835,74477
2021-09-05,UK,89,0,57,3576644,58243,3443892,74509
2021-09-06,UK,104,0,51,3576748,58243,3443943,74562
2021-09-07,UK,111,0,56,3576859,58243,3443999,74617
2021-09-08,UK,122,0,56,3576981,58243,3444055,74683
2021-09-09,UK,107,0,61,3577088,58243,3444116,74729
2021-09-10,UK,108,0,78,3577196,58243,3444194,74759
2021-09-11,UK,124,0,67,3577320,58243,3444261,74816
2021-09-12,UK,179,0,64,3577499,58243,3444325,74931
2021-09-13,UK,148,1,76,3577647,58244,3444401,75002
2021-09-14,UK,234,1,69,3577881,58245,3444470,75166
2021-09-15,UK,235,0,90,3578116,58245,3444560,75311
2021-09-16,UK,197,1,111,3578313,58246,3444671,75396
2021-09-17,UK,236,0,91,3578549,58246,3444762,75541
2021-09-18,UK,273,0,137,3578822,58246,3444899,75677
2021-09-19,UK,346,0,76,3579168,58246,3444975,75947
2021-09-20,UK,322,0,95,3579490,58246,3445070,76174
2021-09-21,UK,514,1,113,3580004,58247,3445183,76574
2021-09-22,UK,447,0,181,3580451,58247,3445364,76840
2021-09-23,UK,486,1,145,3580937,58248,3445509,77180
2021-09-24,UK,491,1,220,3581428,58249,3445729,77450
2021-09-25,UK,491,1,225,3581919,58250,3445954,77715
2021-09-26,UK,693,1,170,3582612,58251,3446124,78237
2021-09-27,UK,783,1,192,3583395,58252,3446316,78827
2021-09-28,UK,760,2,281,3584155,58254,3446597,79304
2021-09-29,UK,1015,1,355,3585170,58255,3446952,79963
2021-09-30,UK,837,2,358,3586007,58257,3447310,80440
2021-10-01,UK,831,2,454,3586838,58259,3447764,80815
2021-10-02,UK,976,2,458,3587814,58261,3448222,81331
2021-10-03,UK,1275,4,453,3589089,58265,3448675,82149
2021-10-04,UK,1515,2,527,3590604,58267,3449202,83135
2021-10-05,UK,1776,4,519,3592380,58271,3449721,84388
2021-10-06,UK,1537,2,679,3593917,58273,3450400,85244
2021-10-07,UK,1545,4,726,3595462,58277,3451126,86059
2021-10-08,UK,1615,6,799,3597077,58283,3451925,86869
2021-10-09,UK,2106,4,1037,3599183,58287,3452962,87934
2021-10-10,UK,2225,4,748,3601408,58291,3453710,89407
2021-10-11,UK,2952,6,691,3604360,58297,3454401,91662
2021-10-12,UK,3023,5,909,3607383,58302,3455310,93771
2021-10-13,UK,2908,7,1409,3610291,58309,3456719,95263
2021-10-14,UK,2808,8,1621,3613099,58317,3458340,96442
2021-10-15,UK,2782,6,1515,3615881,58323,3459855,97703
2021-10-16,UK,3291,11,1303,3619172,58334,3461158,99680
2021-10-17,UK,4246,11,1672,3623418,58345,3462830,102243
2021-10-18,UK,4723,14,1374,3628141,58359,3464204,105578
2021-10-19,UK,5535,15,2124,3633676,58374,3466328,108974
2021-10-20,UK,4646,16,2004,3638322,58390,3468332,111600
2021-10-21,UK,4575,16,3292,3642897,58406,3471624,112867
2021-10-22,UK,4353,16,2678,3647250,58422,3474302,114526
2021-10-23,UK,5233,21,3110,3652483,58443,3477412,116628
2021-10-24,UK,5994,19,2745,3658477,58462,3480157,119858
2021-10-25,UK,7779,30,2738,3666256,58492,3482895,124869
2021-10-26,UK,7431,26,2536,3673687,58518,3485431,129738
2021-10-27,UK,7963,26,3178,3681650,58544,3488609,134497
2021-10-28,UK,7807,24,4434,3689457,58568,3493043,137846
2021-10-29,UK,5987,23,5444,3695444,58591,3498487,138366
2021-10-30,UK,9195,26,3958,3704639,58617,3502445,143577
2021-10-31,UK,9216,42,3913,3713855,58659,3506358,148838
2021-11-01,UK,9338,54,4413,3723193,58713,3510771,153709
2021-11-02,UK,12231,62,5306,3735424,58775,3516077,160572
2021-11-03,UK,11877,31,5674,3747301,58806,3521751,166744
2021-11-04,UK,10889,52,8050,3758190,58858,3529801,169531
2021-11-05,UK,11376,36,6296,3769566,58894,3536097,174575
2021-11-06,UK,12148,52,7372,3781714,58946,3543469,179299
2021-11-07,UK,13969,44,8729,3795683,58990,3552198,184495
2021-11-08,UK,16575,71,5786,3812258,59061,3557984,195213
2021-11-09,UK,17064,70,8938,3829322,59131,3566922,203269
2021-11-10,UK,19122,49,10887,3848444,59180,3577809,211455
2021-11-11,UK,13554,77,7710,3861998,59257,3585519,217222
2021-11-12,UK,14833,67,12676,3876831,59324,3598195,219312
2021-11-13,UK,15912,78,13299,3892743,59402,3611494,221847
2021-11-14,UK,19912,102,10113,3912655,59504,3621607,231544
2021-11-15,UK,20284,78,11859,3932939,59582,3633466,239891
2021-11-16,UK,19976,124,10516,3952915,59706,3643982,249227
2021-11-17,UK,22695,57,12489,3975610,59763,3656471,259376
2021-11-18,UK,20880,140,16524,3996490,59903,3672995,263592
2021-11-19,UK,21638,127,17689,4018128,60030,3690684,267414
2021-11-20,UK,18598,98,20414,4036726,60128,3711098,265500
2021-11-21,UK,26502,72,15054,4063228,60200,3726152,276876
2021-11-22,UK,33314,150,14143,4096542,60350,3740295,295897
2021-11-23,UK,28763,103,17098,4125305,60453,3757393,307459
2021-11-24,UK,25480,177,18461,4150785,60630,3775854,314301
2021-11-25,UK,24851,124,21229,4175636,60754,3797083,317799
2021-11-26,UK,24159,102,19574,4199795,60856,3816657,322282
2021-11-27,UK,26796,164,22758,4226591,61020,3839415,326156
2021-11-28,UK,28403,194,20893,4254994,61214,3860308,333472
2021-11-29,UK,38403,203,17439,4293397,61417,3877747,354233
2021-11-30,UK,32686,167,15847,4326083,61584,3893594,370905
2021-12-01,UK,29367,135,25702,4355450,61719,3919296,374435
2021-12-02,UK,33310,207,26585,4388760,61926,3945881,380953
2021-12-03,UK,23334,169,29907,4412094,62095,3975788,374211
2021-12-04,UK,29580,110,26592,4441674,62205,4002380,377089
2021-12-05,UK,43351,277,24637,4485025,62482,4027017,395526
2021-12-06,UK,39401,388,20592,4524426,62870,4047609,413947
2021-12-07,UK,37432,233,29274,4561858,63103,4076883,421872
2021-12-08,UK,38607,297,32821,4600465,63400,4109704,427361
2021-12-09,UK,34381,205,37409,4634846,63605,4147113,424128
2021-12-10,UK,32340,180,32980,4667186,63785,4180093,423308
2021-12-11,UK,35170,189,28761,4702356,63974,4208854,429528
2021-12-12,UK,35061,303,33673,4737417,64277,4242527,430613
2021-12-13,UK,48952,260,22132,4786369,64537,4264659,457173
2021-12-14,UK,45493,300,28298,4831862,64837,4292957,474068
2021-12-15,UK,44187,208,45386,4876049,65045,4338343,472661
2021-12-16,UK,35027,240,46697,4911076,65285,4385040,460751
2021-12-17,UK,37331,223,30903,4948407,65508,4415943,466956
2021-12-18,UK,34410,215,36677,4982817,65723,4452620,464474
2021-12-19,UK,40797,313,29109,5023614,66036,4481729,475849
2021-12-20,UK,41331,379,35989,5064945,66415,4517718,480812
2021-12-21,UK,42192,386,31778,5107137,66801,4549496,490840
2021-12-22,UK,44923,339,28800,5152060,67140,4578296,506624
2021-12-23,UK,35989,232,49993,5188049,67372,4628289,492388
2021-12-24,UK,31659,224,51291,5219708,67596,4679580,472532
2021-12-25,UK,33195,275,45234,5252903,67871,4724814,460218
2021-12-26,UK,41654,286,34314,5294557,68157,4759128,467272
2021-12-27,UK,41601,301,37304,5336158,68458,4796432,471268
2021-12-28,UK,44198,397,37707,5380356,68855,4834139,477362
2021-12-29,UK,41164,342,35741,5421520,69197,4869880,482443
2021-12-30,UK,30267,174,39233,5451787,69371,4909113,473303
2021-12-31,UK,28502,229,38670,5480289,69600,4947783,462906
2022-01-01,UK,33901,233,38089,5514190,69833,4985872,458485
2022-01-02,UK,34747,301,33414,5548937,70134,5019286,459517
2022-01-03,UK,44125,426,33759,5593062,70560,5053045,469457
2022-01-04,UK,44299,329,33672,5637361,70889,5086717,479755
2022-01-05,UK,39760,277,42564,5677121,71166,5129281,476674
2022-01-06,UK,37161,278,40521,5714282,71444,5169802,473036
2022-01-07,UK,28891,217,44650,5743173,71661,5214452,457060
2022-01-08,UK,31023,259,36353,5774196,71920,5250805,451471
2022-01-09,UK,31200,340,28156,5805396,72260,5278961,454175
2022-01-10,UK,42806,377,27887,5848202,72637,5306848,468717
2022-01-11,UK,41581,319,33448,5889783,72956,5340296,476531
2022-01-12,UK,32589,396,34425,5922372,73352,5374721,474299
2022-01-13,UK,28736,258,41774,5951108,73610,5416495,461003
2022-01-14,UK,27494,176,40921,5978602,73786,5457416,447400
2022-01-15,UK,24657,350,50222,6003259,74136,5507638,421485
2022-01-16,UK,26032,264,38909,6029291,74400,5546547,408344
2022-01-17,UK,31891,261,28881,6061182,74661,5575428,411093
2022-01-18,UK,29846,418,29087,6091028,75079,5604515,411434
2022-01-19,UK,27092,397,28600,6118120,75476,5633115,409529
2022-01-20,UK,21168,259,40556,6139288,75735,5673671,389882
2022-01-21,UK,17271,182,41086,6156559,75917,5714757,365885
2022-01-22,UK,20367,209,25402,6176926,76126,5740159,360641
2022-01-23,UK,23424,248,23257,6200350,76374,5763416,360560
2022-01-24,UK,23088,372,24713,6223438,76746,5788129,358563
2022-01-25,UK,25883,320,24161,6249321,77066,5812290,359965
2022-01-26,UK,19569,228,24392,6268890,77294,5836682,354914
2022-01-27,UK,16004,256,35140,6284894,77550,5871822,335522
2022-01-28,UK,15228,176,24404,6300122,77726,5896226,326170
2022-01-29,UK,15067,202,24054,6315189,77928,5920280,316981
2022-01-30,UK,17457,166,23410,6332646,78094,5943690,310862
2022-01-31,UK,16475,233,16797,6349121,78327,5960487,310307
2022-02-01,UK,19091,196,21282,6368212,78523,5981769,307920
2022-02-02,UK,17651,179,27099,6385863,78702,6008868,298293
2022-02-03,UK,12716,130,20626,6398579,78832,6029494,290253
2022-02-04,UK,12195,145,24600,6410774,78977,6054094,277703
2022-02-05,UK,9976,115,18274,6420750,79092,6072368,269290
2022-02-06,UK,12732,131,12360,6433482,79223,6084728,269531
2022-02-07,UK,13466,216,14165,6446948,79439,6098893,268616
2022-02-08,UK,12913,202,15738,6459861,79641,6114631,265589
2022-02-09,UK,10610,66,17664,6470471,79707,6132295,258469
2022-02-10,UK,6732,92,16795,6477203,79799,6149090,248314
2022-02-11,UK,7212,62,17639,6484415,79861,6166729,237825
2022-02-12,UK,7044,78,15833,6491459,79939,6182562,228958
2022-02-13,UK,7296,41,13756,6498755,79980,6196318,222457
2022-02-14,UK,8406,102,11124,6507161,80082,6207442,219637
2022-02-15,UK,7760,93,9858,6514921,80175,6217300,217446
2022-02-16,UK,6544,113,12422,6521465,80288,6229722,211455
2022-02-17,UK,5281,54,14816,6526746,80342,6244538,201866
2022-02-18,UK,4654,77,13600,6531400,80419,6258138,192843
2022-02-19,UK,5207,57,8866,6536607,80476,6267004,189127
2022-02-20,UK,4793,103,5695,6541400,80579,6272699,188122
2022-02-21,UK,5063,107,7324,6546463,80686,6280023,185754
2022-02-22,UK,4870,92,6718,6551333,80778,6286741,183814
2022-02-23,UK,4495,61,6685,6555828,80839,6293426,181563
2022-02-24,UK,3706,57,8889,6559534,80896,6302315,176323
2022-02-25,UK,2297,30,7589,6561831,80926,6309904,171001
2022-02-26,UK,3154,30,6315,6564985,80956,6316219,167810
2022-02-27,UK,3417,43,5465,6568402,80999,6321684,165719
2022-02-28,UK,2906,73,4300,6571308,81072,6325984,164252
2022-03-01,UK,2779,44,5782,6574087,81116,6331766,161205
2020-03-01,Germany,347,2,141,347,2,141,204
2020-03-02,Germany,479,4,232,826,6,373,447
2020-03-03,Germany,571,5,305,1397,11,678,708
2020-03-04,Germany,464,3,218,1861,14,896,951
2020-03-05,Germany,488,4,198,2349,18,1094,1237
2020-03-06,Germany,546,3,284,2895,21,1378,1496
2020-03-07,Germany,617,5,345,3512,26,1723,1763
2020-03-08,Germany,688,2,308,4200,28,2031,2141
2020-03-09,Germany,797,4,363,4997,32,2394,2571
2020-03-10,Germany,1016,9,512,6013,41,2906,3066
2020-03-11,Germany,1041,7,387,7054,48,3293,3713
2020-03-12,Germany,819,6,435,7873,54,3728,4091
2020-03-13,Germany,806,4,475,8679,58,4203,4418
2020-03-14,Germany,1013,10,473,9692,68,4676,4948
2020-03-15,Germany,1275,10,505,10967,78,5181,5708
2020-03-16,Germany,1424,11,524,12391,89,5705,6597
2020-03-17,Germany,1694,12,559,14085,101,6264,7720
2020-03-18,Germany,1510,13,726,15595,114,6990,8491
2020-03-19,Germany,1250,16,805,16845,130,7795,8920
2020-03-20,Germany,1418,15,900,18263,145,8695,9423
2020-03-21,Germany,1628,21,1004,19891,166,9699,10026
2020-03-22,Germany,1911,13,679,21802,179,10378,11245
2020-03-23,Germany,2107,16,826,23909,195,11204,12510
2020-03-24,Germany,2162,18,946,26071,213,12150,13708
2020-03-25,Germany,2390,27,1170,28461,240,13320,14901
2020-03-26,Germany,2482,20,1362,30943,260,14682,16001
2020-03-27,Germany,2459,19,1632,33402,279,16314,16809
2020-03-28,Germany,2669,28,1579,36071,307,17893,17871
2020-03-29,Germany,2719,38,1270,38790,345,19163,19282
2020-03-30,Germany,3102,23,1339,41892,368,20502,21022
2020-03-31,Germany,3828,36,1682,45720,404,22184,23132
2020-04-01,Germany,3769,42,1908,49489,446,24092,24951
2020-04-02,Germany,3401,27,1936,52890,473,26028,26389
2020-04-03,Germany,2638,28,2049,55528,501,28077,26950
2020-04-04,Germany,3157,47,2260,58685,548,30337,27800
2020-04-05,Germany,3993,34,2503,62678,582,32840,29256
2020-04-06,Germany,4832,47,2273,67510,629,35113,31768
2020-04-07,Germany,5258,55,2462,72768,684,37575,34509
2020-04-08,Germany,4827,50,3124,77595,734,40699,36162
2020-04-09,Germany,4450,68,3257,82045,802,43956,37287
2020-04-10,Germany,4119,52,3395,86164,854,47351,37959
2020-04-11,Germany,4604,81,3824,90768,935,51175,38658
2020-04-12,Germany,5220,63,3303,95988,998,54478,40512
2020-04-13,Germany,5882,84,2631,101870,1082,57109,43679
2020-04-14,Germany,6031,104,3072,107901,1186,60181,46534
2020-04-15,Germany,5909,78,4289,113810,1264,64470,48076
2020-04-16,Germany,5479,47,4799,119289,1311,69269,48709
2020-04-17,Germany,5027,67,5016,124316,1378,74285,48653
2020-04-18,Germany,5350,76,5116,129666,1454,79401,48811
2020-04-19,Germany,6634,105,4371,136300,1559,83772,50969
2020-04-20,Germany,6951,109,4002,143251,1668,87774,53809
2020-04-21,Germany,6722,113,4558,149973,1781,92332,55860
2020-04-22,Germany,7150,159,4964,157123,1940,97296,57887
2020-04-23,Germany,5284,74,5651,162407,2014,102947,57446
2020-04-24,Germany,5001,111,5450,167408,2125,108397,56886
2020-04-25,Germany,5864,96,5246,173272,2221,113643,57408
2020-04-26,Germany,6785,114,4734,180057,2335,118377,59345
2020-04-27,Germany,6591,129,4154,186648,2464,122531,61653
2020-04-28,Germany,7310,118,4684,193958,2582,127215,64161
2020-04-29,Germany,6683,154,6257,200641,2736,133472,64433
2020-04-30,Germany,5930,164,6741,206571,2900,140213,63458
2020-05-01,Germany,6055,128,6278,212626,3028,146491,63107
2020-05-02,Germany,6135,127,5247,218761,3155,151738,63868
2020-05-03,Germany,6542,124,5871,225303,3279,157609,64415
2020-05-04,Germany,6962,178,5322,232265,3457,162931,65877
2020-05-05,Germany,6614,224,5880,238879,3681,168811,66387
2020-05-06,Germany,7606,153,7756,246485,3834,176567,66084
2020-05-07,Germany,6214,113,5708,252699,3947,182275,66477
2020-05-08,Germany,5051,103,8342,257750,4050,190617,63083
2020-05-09,Germany,5774,122,5796,263524,4172,196413,62939
2020-05-10,Germany,6058,70,5828,269582,4242,202241,63099
2020-05-11,Germany,6540,164,5072,276122,4406,207313,64403
2020-05-12,Germany,6976,140,5898,283098,4546,213211,65341
2020-05-13,Germany,5776,104,6522,288874,4650,219733,64491
2020-05-14,Germany,5130,157,6580,294004,4807,226313,62884
2020-05-15,Germany,4752,109,6802,298756,4916,233115,60725
2020-05-16,Germany,4557,131,7374,303313,5047,240489,57777
2020-05-17,Germany,5518,194,5653,308831,5241,246142,57448
2020-05-18,Germany,6541,114,4574,315372,5355,250716,59301
2020-05-19,Germany,5325,105,5992,320697,5460,256708,58529
2020-05-20,Germany,4424,183,5435,325121,5643,262143,57335
2020-05-21,Germany,3642,174,6853,328763,5817,268996,53950
2020-05-22,Germany,3780,79,7515,332543,5896,276511,50136
2020-05-23,Germany,3613,142,4619,336156,6038,281130,48988
2020-05-24,Germany,4232,154,5482,340388,6192,286612,47584
2020-05-25,Germany,4520,87,5501,344908,6279,292113,46516
2020-05-26,Germany,3840,184,4484,348748,6463,296597,45688
2020-05-27,Germany,3354,154,5614,352102,6617,302211,43274
2020-05-28,Germany,3374,109,6930,355476,6726,309141,39609
2020-05-29,Germany,2907,134,4971,358383,6860,314112,37411
2020-05-30,Germany,2740,126,4324,361123,6986,318436,35701
2020-05-31,Germany,2655,127,3036,363778,7113,321472,35193
2020-06-01,Germany,3374,134,3679,367152,7247,325151,34754
2020-06-02,Germany,3489,96,3641,370641,7343,328792,34506
2020-06-03,Germany,2851,99,4272,373492,7442,333064,32986
2020-06-04,Germany,2160,91,4801,375652,7533,337865,30254
2020-06-05,Germany,2007,79,3400,377659,7612,341265,28782
2020-06-06,Germany,1737,45,3048,379396,7657,344313,27426
2020-06-07,Germany,2257,119,3853,381653,7776,348166,25711
2020-06-08,Germany,2201,105,2748,383854,7881,350914,25059
2020-06-09,Germany,1809,79,2683,385663,7960,353597,24106
2020-06-10,Germany,1791,87,2531,387454,8047,356128,23279
2020-06-11,Germany,1564,98,2972,389018,8145,359100,21773
2020-06-12,Germany,1253,28,3893,390271,8173,362993,19105
2020-06-13,Germany,1214,66,2592,391485,8239,365585,17661
2020-06-14,Germany,1183,42,1839,392668,8281,367424,16963
2020-06-15,Germany,1425,82,1839,394093,8363,369263,16467
2020-06-16,Germany,1232,79,1333,395325,8442,370596,16287
2020-06-17,Germany,927,71,2025,396252,8513,372621,15118
2020-06-18,Germany,884,43,1908,397136,8556,374529,14051
2020-06-19,Germany,830,27,1843,397966,8583,376372,13011
2020-06-20,Germany,712,34,1603,398678,8617,377975,12086
2020-06-21,Germany,876,53,1634,399554,8670,379609,11275
2020-06-22,Germany,819,58,1371,400373,8728,380980,10665
2020-06-23,Germany,768,30,1256,401141,8758,382236,10147
2020-06-24,Germany,633,47,1111,401774,8805,383347,9622
2020-06-25,Germany,513,29,1387,402287,8834,384734,8719
2020-06-26,Germany,423,29,1002,402710,8863,385736,8111
2020-06-27,Germany,401,23,878,403111,8886,386614,7611
2020-06-28,Germany,445,26,775,403556,8912,387389,7255
2020-06-29,Germany,405,36,852,403961,8948,388241,6772
2020-06-30,Germany,377,20,859,404338,8968,389100,6270
2020-07-01,Germany,320,17,882,404658,8985,389982,5691
2020-07-02,Germany,330,19,629,404988,9004,390611,5373
2020-07-03,Germany,248,26,710,405236,9030,391321,4885
2020-07-04,Germany,233,12,615,405469,9042,391936,4491
2020-07-05,Germany,218,26,496,405687,9068,392432,4187
2020-07-06,Germany,259,24,376,405946,9092,392808,4046
2020-07-07,Germany,233,16,394,406179,9108,393202,3869
2020-07-08,Germany,208,12,374,406387,9120,393576,3691
2020-07-09,Germany,156,9,352,406543,9129,393928,3486
2020-07-10,Germany,148,9,385,406691,9138,394313,3240
2020-07-11,Germany,139,6,275,406830,9144,394588,3098
2020-07-12,Germany,147,9,333,406977,9153,394921,2903
2020-07-13,Germany,179,11,205,407156,9164,395126,2866
2020-07-14,Germany,149,7,263,407305,9171,395389,2745
2020-07-15,Germany,162,6,193,407467,9177,395582,2708
2020-07-16,Germany,143,4,243,407610,9181,395825,2604
2020-07-17,Germany,115,5,231,407725,9186,396056,2483
2020-07-18,Germany,121,5,188,407846,9191,396244,2411
2020-07-19,Germany,146,4,151,407992,9195,396395,2402
2020-07-20,Germany,175,5,150,408167,9200,396545,2422
2020-07-21,Germany,178,4,146,408345,9204,396691,2450
2020-07-22,Germany,180,4,152,408525,9208,396843,2474
2020-07-23,Germany,182,3,168,408707,9211,397011,2485
2020-07-24,Germany,146,3,140,408853,9214,397151,2488
2020-07-25,Germany,143,3,192,408996,9217,397343,2436
2020-07-26,Germany,211,3,150,409207,9220,397493,2494
2020-07-27,Germany,266,4,100,409473,9224,397593,2656
2020-07-28,Germany,262,3,117,409735,9227,397710,2798
2020-07-29,Germany,229,4,135,409964,9231,397845,2888
2020-07-30,Germany,231,3,165,410195,9234,398010,2951
2020-07-31,Germany,206,3,149,410401,9237,398159,3005
2020-08-01,Germany,262,2,165,410663,9239,398324,3100
2020-08-02,Germany,268,1,206,410931,9240,398530,3161
2020-08-03,Germany,349,4,148,411280,9244,398678,3358
2020-08-04,Germany,359,3,103,411639,9247,398781,3611
2020-08-05,Germany,390,3,227,412029,9250,399008,3771
2020-08-06,Germany,350,4,283,412379,9254,399291,3834
2020-08-07,Germany,355,2,242,412734,9256,399533,3945
2020-08-08,Germany,386,3,235,413120,9259,399768,4093
2020-08-09,Germany,428,3,202,413548,9262,399970,4316
2020-08-10,Germany,579,6,188,414127,9268,400158,4701
2020-08-11,Germany,598,5,289,414725,9273,400447,5005
2020-08-12,Germany,546,4,250,415271,9277,400697,5297
2020-08-13,Germany,651,3,272,415922,9280,400969,5673
2020-08-14,Germany,555,4,342,416477,9284,401311,5882
2020-08-15,Germany,579,5,371,417056,9289,401682,6085
2020-08-16,Germany,783,5,376,417839,9294,402058,6487
2020-08-17,Germany,954,5,341,418793,9299,402399,7095
2020-08-18,Germany,892,5,354,419685,9304,402753,7628
2020-08-19,Germany,912,9,453,420597,9313,403206,8078
2020-08-20,Germany,758,9,562,421355,9322,403768,8265
2020-08-21,Germany,784,5,531,422139,9327,404299,8513
2020-08-22,Germany,852,10,584,422991,9337,404883,8771
2020-08-23,Germany,1050,9,637,424041,9346,405520,9175
2020-08-24,Germany,1252,11,532,425293,9357,406052,9884
2020-08-25,Germany,1377,11,565,426670,9368,406617,10685
2020-08-26,Germany,1314,8,671,427984,9376,407288,11320
2020-08-27,Germany,1075,15,867,429059,9391,408155,11513
2020-08-28,Germany,1058,9,856,430117,9400,409011,11706
2020-08-29,Germany,1188,9,858,431305,9409,409869,12027
2020-08-30,Germany,1445,19,820,432750,9428,410689,12633
2020-08-31,Germany,1880,12,769,434630,9440,411458,13732
2020-09-01,Germany,1692,12,887,436322,9452,412345,14525
2020-09-02,Germany,1766,18,1008,438088,9470,413353,15265
2020-09-03,Germany,1799,16,1328,439887,9486,414681,15720
2020-09-04,Germany,1560,17,1374,441447,9503,416055,15889
2020-09-05,Germany,1793,16,1263,443240,9519,417318,16403
2020-09-06,Germany,2025,31,1030,445265,9550,418348,17367
2020-09-07,Germany,2441,23,918,447706,9573,419266,18867
2020-09-08,Germany,2516,26,1198,450222,9599,420464,20159
2020-09-09,Germany,2618,22,1381,452840,9621,421845,21374
2020-09-10,Germany,1994,22,1714,454834,9643,423559,21632
2020-09-11,Germany,2103,23,1804,456937,9666,425363,21908
2020-09-12,Germany,2389,29,1483,459326,9695,426846,22785
2020-09-13,Germany,2870,20,1654,462196,9715,428500,23981
2020-09-14,Germany,3582,35,1651,465778,9750,430151,25877
2020-09-15,Germany,3306,36,1775,469084,9786,431926,27372
2020-09-16,Germany,3686,39,1934,472770,9825,433860,29085
2020-09-17,Germany,2846,35,2402,475616,9860,436262,29494
2020-09-18,Germany,3150,34,2458,478766,9894,438720,30152
2020-09-19,Germany,3254,29,2132,482020,9923,440852,31245
2020-09-20,Germany,3324,52,1847,485344,9975,442699,32670
2020-09-21,Germany,4253,57,2345,489597,10032,445044,34521
2020-09-22,Germany,4391,36,2142,493988,10068,447186,36734
2020-09-23,Germany,4451,40,2667,498439,10108,449853,38478
2020-09-24,Germany,3778,30,3252,502217,10138,453105,38974
2020-09-25,Germany,3541,46,3146,505758,10184,456251,39323
2020-09-26,Germany,4301,34,3332,510059,10218,459583,40258
2020-09-27,Germany,4496,52,2865,514555,10270,462448,41837
2020-09-28,Germany,5568,76,3083,520123,10346,465531,44246
2020-09-29,Germany,5423,63,3365,525546,10409,468896,46241
2020-09-30,Germany,5992,75,2855,531538,10484,471751,49303
2020-10-01,Germany,4518,43,3943,536056,10527,475694,49835
2020-10-02,Germany,4268,68,4120,540324,10595,479814,49915
2020-10-03,Germany,5354,55,4467,545678,10650,484281,50747
2020-10-04,Germany,5357,60,3339,551035,10710,487620,52705
2020-10-05,Germany,7190,86,3710,558225,10796,491330,56099
2020-10-06,Germany,7189,86,4618,565414,10882,495948,58584
2020-10-07,Germany,6316,86,3889,571730,10968,499837,60925
2020-10-08,Germany,4919,61,5082,576649,11029,504919,60701
2020-10-09,Germany,5374,63,4929,582023,11092,509848,61083
2020-10-10,Germany,5743,82,7266,587766,11174,517114,59478
2020-10-11,Germany,7219,62,4150,594985,11236,521264,62485
2020-10-12,Germany,8501,96,4784,603486,11332,526048,66106
2020-10-13,Germany,7473,111,4488,610959,11443,530536,68980
2020-10-14,Germany,7983,85,4633,618942,11528,535169,72245
2020-10-15,Germany,7132,106,6428,626074,11634,541597,72843
2020-10-16,Germany,6797,101,6317,632871,11735,547914,73222
2020-10-17,Germany,6859,76,5900,639730,11811,553814,74105
2020-10-18,Germany,6429,129,4387,646159,11940,558201,76018
2020-10-19,Germany,8549,132,4736,654708,12072,562937,79699
2020-10-20,Germany,8200,147,6151,662908,12219,569088,81601
2020-10-21,Germany,8398,107,7778,671306,12326,576866,82114
2020-10-22,Germany,8210,110,8935,679516,12436,585801,81279
2020-10-23,Germany,7232,109,7550,686748,12545,593351,80852
2020-10-24,Germany,8087,90,7734,694835,12635,601085,81115
2020-10-25,Germany,8743,104,6506,703578,12739,607591,83248
2020-10-26,Germany,8636,113,5903,712214,12852,613494,85868
2020-10-27,Germany,7994,145,6823,720208,12997,620317,86894
2020-10-28,Germany,9531,166,5447,729739,13163,625764,90812
2020-10-29,Germany,8221,150,7391,737960,13313,633155,91492
2020-10-30,Germany,7118,123,8779,745078,13436,641934,89708
2020-10-31,Germany,6969,98,9594,752047,13534,651528,86985
2020-11-01,Germany,8685,103,8191,760732,13637,659719,87376
2020-11-02,Germany,10242,195,7710,770974,13832,667429,89713
2020-11-03,Germany,11337,137,7572,782311,13969,675001,93341
2020-11-04,Germany,10232,160,7270,792543,14129,682271,96143
2020-11-05,Germany,10058,119,8798,802601,14248,691069,97284
2020-11-06,Germany,7513,142,8111,810114,14390,699180,96544
2020-11-07,Germany,9121,135,9215,819235,14525,708395,96315
2020-11-08,Germany,9740,194,7700,828975,14719,716095,98161
2020-11-09,Germany,11498,183,7490,840473,14902,723585,101986
2020-11-10,Germany,10829,132,6030,851302,15034,729615,106653
2020-11-11,Germany,11359,170,7692,862661,15204,737307,110150
2020-11-12,Germany,9427,134,8841,872088,15338,746148,110602
2020-11-13,Germany,7970,93,10976,880058,15431,757124,107503
2020-11-14,Germany,8720,105,8754,888778,15536,765878,107364
2020-11-15,Germany,9707,164,8994,898485,15700,774872,107913
2020-11-16,Germany,11494,198,6703,909979,15898,781575,112506
2020-11-17,Germany,10274,212,8527,920253,16110,790102,114041
2020-11-18,Germany,10507,174,7959,930760,16284,798061,116415
2020-11-19,Germany,9522,216,11134,940282,16500,809195,114587
2020-11-20,Germany,8433,137,11692,948715,16637,820887,111191
2020-11-21,Germany,9606,188,11052,958321,16825,831939,109557
2020-11-22,Germany,10396,113,10444,968717,16938,842383,109396
2020-11-23,Germany,10887,44,8671,979604,16982,851054,111568
2020-11-24,Germany,11317,206,9022,990921,17188,860076,113657
2020-11-25,Germany,10525,146,9388,1001446,17334,869464,114648
2020-11-26,Germany,9262,162,11059,1010708,17496,880523,112689
2020-11-27,Germany,6951,134,10616,1017659,17630,891139,108890
2020-11-28,Germany,8155,205,9691,1025814,17835,900830,107149
2020-11-29,Germany,8278,187,7420,1034092,18022,908250,107820
2020-11-30,Germany,11471,212,8493,1045563,18234,916743,110586
2020-12-01,Germany,10530,213,8178,1056093,18447,924921,112725
2020-12-02,Germany,9587,200,9019,1065680,18647,933940,113093
2020-12-03,Germany,9067,153,10451,1074747,18800,944391,111556
2020-12-04,Germany,7901,181,10760,1082648,18981,955151,108516
2020-12-05,Germany,7106,132,8677,1089754,19113,963828,106813
2020-12-06,Germany,8693,196,9038,1098447,19309,972866,106272
2020-12-07,Germany,9386,132,7317,1107833,19441,980183,108209
2020-12-08,Germany,8401,208,6945,1116234,19649,987128,109457
2020-12-09,Germany,8453,192,8958,1124687,19841,996086,108760
2020-12-10,Germany,7627,217,9294,1132314,20058,1005380,106876
2020-12-11,Germany,6898,83,12249,1139212,20141,1017629,101442
2020-12-12,Germany,6246,125,8825,1145458,20266,1026454,98738
2020-12-13,Germany,8625,168,8831,1154083,20434,1035285,98364
2020-12-14,Germany,8604,214,6149,1162687,20648,1041434,100605
2020-12-15,Germany,8772,190,6779,1171459,20838,1048213,102408
2020-12-16,Germany,8236,135,8535,1179695,20973,1056748,101974
2020-12-17,Germany,6441,139,8932,1186136,21112,1065680,99344
2020-12-18,Germany,6383,171,7610,1192519,21283,1073290,97946
2020-12-19,Germany,6059,122,7346,1198578,21405,1080636,96537
2020-12-20,Germany,6431,162,8149,1205009,21567,1088785,94657
2020-12-21,Germany,7928,158,6642,1212937,21725,1095427,95785
2020-12-22,Germany,8519,110,6920,1221456,21835,1102347,97274
2020-12-23,Germany,7319,173,7844,1228775,22008,1110191,96576
2020-12-24,Germany,6375,144,7900,1235150,22152,1118091,94907
2020-12-25,Germany,5076,173,9107,1240226,22325,1127198,90703
2020-12-26,Germany,4665,85,6623,1244891,22410,1133821,88660
2020-12-27,Germany,6620,172,5433,1251511,22582,1139254,89675
2020-12-28,Germany,7508,108,6800,1259019,22690,1146054,90275
2020-12-29,Germany,7248,154,5134,1266267,22844,1151188,92235
2020-12-30,Germany,5687,168,5050,1271954,23012,1156238,92704
2020-12-31,Germany,4537,64,9032,1276491,23076,1165270,88145
2021-01-01,Germany,4067,104,7038,1280558,23180,1172308,85070
2021-01-02,Germany,3874,91,7155,1284432,23271,1179463,81698
2021-01-03,Germany,4894,93,6162,1289326,23364,1185625,80337
2021-01-04,Germany,6057,144,3503,1295383,23508,1189128,82747
2021-01-05,Germany,5297,176,4358,1300680,23684,1193486,83510
2021-01-06,Germany,4959,120,6640,1305639,23804,1200126,81709
2021-01-07,Germany,4589,112,7463,1310228,23916,1207589,78723
2021-01-08,Germany,3552,87,7586,1313780,24003,1215175,74602
2021-01-09,Germany,4292,78,5247,1318072,24081,1220422,73569
2021-01-10,Germany,4714,86,4665,1322786,24167,1225087,73532
2021-01-11,Germany,4372,153,3635,1327158,24320,1228722,74116
2021-01-12,Germany,4206,128,3194,1331364,24448,1231916,75000
2021-01-13,Germany,4209,102,4088,1335573,24550,1236004,75019
2021-01-14,Germany,3311,63,4964,1338884,24613,1240968,73303
2021-01-15,Germany,2749,61,5598,1341633,24674,1246566,70393
2021-01-16,Germany,3364,62,4039,1344997,24736,1250605,69656
2021-01-17,Germany,3698,56,4526,1348695,24792,1255131,68772
2021-01-18,Germany,3720,66,3319,1352415,24858,1258450,69107
2021-01-19,Germany,3310,77,4078,1355725,24935,1262528,68262
2021-01-20,Germany,3016,90,5142,1358741,25025,1267670,66046
2021-01-21,Germany,2899,65,4013,1361640,25090,1271683,64867
2021-01-22,Germany,2470,46,4284,1364110,25136,1275967,63007
2021-01-23,Germany,2541,59,4055,1366651,25195,1280022,61434
2021-01-24,Germany,3148,70,3130,1369799,25265,1283152,61382
2021-01-25,Germany,3390,66,3246,1373189,25331,1286398,61460
2021-01-26,Germany,3600,98,2763,1376789,25429,1289161,62199
2021-01-27,Germany,2744,83,4007,1379533,25512,1293168,60853
2021-01-28,Germany,2522,65,3805,1382055,25577,1296973,59505
2021-01-29,Germany,2495,55,3025,1384550,25632,1299998,58920
2021-01-30,Germany,2509,43,3367,1387059,25675,1303365,58019
2021-01-31,Germany,3075,45,2268,1390134,25720,1305633,58781
2021-02-01,Germany,3166,47,2247,1393300,25767,1307880,59653
2021-02-02,Germany,3620,67,2144,1396920,25834,1310024,61062
2021-02-03,Germany,3075,43,3146,1399995,25877,1313170,60948
2021-02-04,Germany,2832,35,2892,1402827,25912,1316062,60853
2021-02-05,Germany,2348,36,3605,1405175,25948,1319667,59560
2021-02-06,Germany,2530,38,2585,1407705,25986,1322252,59467
2021-02-07,Germany,3122,53,2305,1410827,26039,1324557,60231
2021-02-08,Germany,3740,57,2488,1414567,26096,1327045,61426
2021-02-09,Germany,3673,48,2343,1418240,26144,1329388,62708
2021-02-10,Germany,3279,49,2630,1421519,26193,1332018,63308
2021-02-11,Germany,3299,35,3890,1424818,26228,1335908,62682
2021-02-12,Germany,2299,38,3305,1427117,26266,1339213,61638
2021-02-13,Germany,2630,45,2297,1429747,26311,1341510,61926
2021-02-14,Germany,3656,42,2489,1433403,26353,1343999,63051
2021-02-15,Germany,4004,44,1968,1437407,26397,1345967,65043
2021-02-16,Germany,4449,64,2629,1441856,26461,1348596,66799
2021-02-17,Germany,4102,40,3093,1445958,26501,1351689,67768
2021-02-18,Germany,3882,41,3733,1449840,26542,1355422,67876
2021-02-19,Germany,3287,41,3395,1453127,26583,1358817,67727
2021-02-20,Germany,3946,56,3059,1457073,26639,1361876,68558
2021-02-21,Germany,4794,54,3049,1461867,26693,1364925,70249
2021-02-22,Germany,5660,64,2189,1467527,26757,1367114,73656
2021-02-23,Germany,6386,63,2735,1473913,26820,1369849,77244
2021-02-24,Germany,5418,40,3627,1479331,26860,1373476,78995
2021-02-25,Germany,4959,52,4036,1484290,26912,1377512,79866
2021-02-26,Germany,4048,35,4484,1488338,26947,1381996,79395
2021-02-27,Germany,4747,43,4286,1493085,26990,1386282,79813
2021-02-28,Germany,5751,58,3834,1498836,27048,1390116,81672
2021-03-01,Germany,7359,66,3268,1506195,27114,1393384,85697
2021-03-02,Germany,6887,64,4238,1513082,27178,1397622,88282
2021-03-03,Germany,7440,64,4296,1520522,27242,1401918,91362
2021-03-04,Germany,6380,45,4968,1526902,27287,1406886,92729
2021-03-05,Germany,5967,47,5403,1532869,27334,1412289,93246
2021-03-06,Germany,6628,77,5296,1539497,27411,1417585,94501
2021-03-07,Germany,7402,78,3878,1546899,27489,1421463,97947
2021-03-08,Germany,8553,86,4065,1555452,27575,1425528,102349
2021-03-09,Germany,8137,134,4507,1563589,27709,1430035,105845
2021-03-10,Germany,8892,60,6147,1572481,27769,1436182,108530
2021-03-11,Germany,7931,58,6589,1580412,27827,1442771,109814
2021-03-12,Germany,7474,82,6477,1587886,27909,1449248,110729
2021-03-13,Germany,8616,72,7943,1596502,27981,1457191,111330
2021-03-14,Germany,10279,82,6971,1606781,28063,1464162,114556
2021-03-15,Germany,11480,84,5338,1618261,28147,1469500,120614
2021-03-16,Germany,12888,113,6478,1631149,28260,1475978,126911
2021-03-17,Germany,11970,124,7315,1643119,28384,1483293,131442
2021-03-18,Germany,10111,75,8517,1653230,28459,1491810,132961
2021-03-19,Germany,9381,87,7606,1662611,28546,1499416,134649
2021-03-20,Germany,10629,92,9630,1673240,28638,1509046,135556
2021-03-21,Germany,12638,116,6174,1685878,28754,1515220,141904
2021-03-22,Germany,15430,99,6872,1701308,28853,1522092,150363
2021-03-23,Germany,16018,151,8641,1717326,29004,1530733,157589
2021-03-24,Germany,13343,156,10319,1730669,29160,1541052,160457
2021-03-25,Germany,12453,109,12511,1743122,29269,1553563,160290
2021-03-26,Germany,12381,106,13854,1755503,29375,1567417,158711
2021-03-27,Germany,13503,124,11163,1769006,29499,1578580,160927
2021-03-28,Germany,15503,128,10968,1784509,29627,1589548,165334
2021-03-29,Germany,16388,154,8362,1800897,29781,1597910,173206
2021-03-30,Germany,15532,179,11153,1816429,29960,1609063,177406
2021-03-31,Germany,15067,233,14329,1831496,30193,1623392,177911
2021-04-01,Germany,14981,176,16612,1846477,30369,1640004,176104
2021-04-02,Germany,14019,163,15539,1860496,30532,1655543,174421
2021-04-03,Germany,13104,167,12384,1873600,30699,1667927,174974
2021-04-04,Germany,16621,143,10127,1890221,30842,1678054,181325
2021-04-05,Germany,19763,223,12254,1909984,31065,1690308,188611
2021-04-06,Germany,17802,278,11517,1927786,31343,1701825,194618
2021-04-07,Germany,20130,145,13702,1947916,31488,1715527,200901
2021-04-08,Germany,15969,203,13859,1963885,31691,1729386,202808
2021-04-09,Germany,16773,262,14224,1980658,31953,1743610,205095
2021-04-10,Germany,15275,236,14423,1995933,32189,1758033,205711
2021-04-11,Germany,16788,287,14775,2012721,32476,1772808,207437
2021-04-12,Germany,19903,246,12650,2032624,32722,1785458,214444
2021-04-13,Germany,21249,266,13924,2053873,32988,1799382,221503
2021-04-14,Germany,19458,185,15623,2073331,33173,1815005,225153
2021-04-15,Germany,17471,248,17477,2090802,33421,1832482,224899
2021-04-16,Germany,16798,226,17476,2107600,33647,1849958,223995
2021-04-17,Germany,16800,197,23119,2124400,33844,1873077,217479
2021-04-18,Germany,19311,299,15844,2143711,34143,1888921,220647
2021-04-19,Germany,18824,250,15517,2162535,34393,1904438,223704
2021-04-20,Germany,23175,243,12424,2185710,34636,1916862,234212
2021-04-21,Germany,20807,290,15762,2206517,34926,1932624,238967
2021-04-22,Germany,20824,179,19555,2227341,35105,1952179,240057
2021-04-23,Germany,15611,247,19608,2242952,35352,1971787,235813
2021-04-24,Germany,14946,141,15568,2257898,35493,1987355,235050
2021-04-25,Germany,20782,285,15345,2278680,35778,2002700,240202
2021-04-26,Germany,22729,282,18471,2301409,36060,2021171,244178
2021-04-27,Germany,20833,266,18440,2322242,36326,2039611,246305
2021-04-28,Germany,18442,226,16894,2340684,36552,2056505,247627
2021-04-29,Germany,20655,232,19286,2361339,36784,2075791,248764
2021-04-30,Germany,18627,266,19625,2379966,37050,2095416,247500
2021-05-01,Germany,13796,259,22779,2393762,37309,2118195,238258
2021-05-02,Germany,18698,230,20481,2412460,37539,2138676,236245
2021-05-03,Germany,24422,216,16409,2436882,37755,2155085,244042
2021-05-04,Germany,21122,362,11887,2458004,38117,2166972,252915
2021-05-05,Germany,19451,245,21302,2477455,38362,2188274,250819
2021-05-06,Germany,17221,290,21803,2494676,38652,2210077,245947
2021-05-07,Germany,14510,220,21703,2509186,38872,2231780,238534
2021-05-08,Germany,14088,218,19324,2523274,39090,2251104,233080
2021-05-09,Germany,19817,333,19959,2543091,39423,2271063,232605
2021-05-10,Germany,17206,232,16807,2560297,39655,2287870,232772
2021-05-11,Germany,20848,175,14276,2581145,39830,2302146,239169
2021-05-12,Germany,20072,222,17842,2601217,40052,2319988,241177
2021-05-13,Germany,14335,382,21398,2615552,40434,2341386,233732
2021-05-14,Germany,13510,355,18411,2629062,40789,2359797,228476
2021-05-15,Germany,16286,255,15914,2645348,41044,2375711,228593
2021-05-16,Germany,17243,243,15688,2662591,41287,2391399,229905
2021-05-17,Germany,17260,212,15465,2679851,41499,2406864,231488
2021-05-18,Germany,20047,151,13764,2699898,41650,2420628,237620
2021-05-19,Germany,18279,229,18016,2718177,41879,2438644,237654
2021-05-20,Germany,14652,221,17847,2732829,42100,2456491,234238
2021-05-21,Germany,11904,244,18347,2744733,42344,2474838,227551
2021-05-22,Germany,12550,220,19452,2757283,42564,2494290,220429
2021-05-23,Germany,14707,276,13514,2771990,42840,2507804,221346
2021-05-24,Germany,15457,188,13980,2787447,43028,2521784,222635
2021-05-25,Germany,16899,223,13168,2804346,43251,2534952,226143
2021-05-26,Germany,12502,279,15145,2816848,43530,2550097,223221
2021-05-27,Germany,10730,216,13855,2827578,43746,2563952,219880
2021-05-28,Germany,10995,192,18745,2838573,43938,2582697,211938
2021-05-29,Germany,10475,170,19673,2849048,44108,2602370,202570
2021-05-30,Germany,11406,256,13354,2860454,44364,2615724,200366
2021-05-31,Germany,11190,245,10844,2871644,44609,2626568,200467
2021-06-01,Germany,13000,206,13098,2884644,44815,2639666,200163
2021-06-02,Germany,11647,201,15627,2896291,45016,2655293,195982
2021-06-03,Germany,10470,217,14707,2906761,45233,2670000,191528
2021-06-04,Germany,8846,147,17333,2915607,45380,2687333,182894
2021-06-05,Germany,8707,215,10709,2924314,45595,2698042,180677
2021-06-06,Germany,10545,209,11720,2934859,45804,2709762,179293
2021-06-07,Germany,9308,180,12823,2944167,45984,2722585,175598
2021-06-08,Germany,10740,217,10580,2954907,46201,2733165,175541
2021-06-09,Germany,7994,163,8667,2962901,46364,2741832,174705
2021-06-10,Germany,7281,117,10142,2970182,46481,2751974,171727
2021-06-11,Germany,6195,115,13244,2976377,46596,2765218,164563
2021-06-12,Germany,7251,153,10709,2983628,46749,2775927,160952
2021-06-13,Germany,7392,170,11329,2991020,46919,2787256,156845
2021-06-14,Germany,7965,160,8991,2998985,47079,2796247,155659
2021-06-15,Germany,7155,215,7768,3006140,47294,2804015,154831
2021-06-16,Germany,6826,132,10155,3012966,47426,2814170,151370
2021-06-17,Germany,5522,177,8136,3018488,47603,2822306,148579
2021-06-18,Germany,5299,91,10122,3023787,47694,2832428,143665
2021-06-19,Germany,4681,87,7248,3028468,47781,2839676,141011
2021-06-20,Germany,6090,86,7810,3034558,47867,2847486,139205
2021-06-21,Germany,5086,106,7205,3039644,47973,2854691,136980
2021-06-22,Germany,5378,121,5964,3045022,48094,2860655,136273
2021-06-23,Germany,5776,110,5731,3050798,48204,2866386,136208
2021-06-24,Germany,4110,95,7458,3054908,48299,2873844,132765
2021-06-25,Germany,3312,58,5825,3058220,48357,2879669,130194
2021-06-26,Germany,3703,83,6583,3061923,48440,2886252,127231
2021-06-27,Germany,3769,85,5698,3065692,48525,2891950,125217
2021-06-28,Germany,3878,63,5847,3069570,48588,2897797,123185
2021-06-29,Germany,3691,71,4584,3073261,48659,2902381,122221
2021-06-30,Germany,4352,71,5733,3077613,48730,2908114,120769
2021-07-01,Germany,2903,87,3916,3080516,48817,2912030,119669
2021-07-02,Germany,2166,67,5176,3082682,48884,2917206,116592
2021-07-03,Germany,2802,65,5584,3085484,48949,2922790,113745
2021-07-04,Germany,2810,52,4197,3088294,49001,2926987,112306
2021-07-05,Germany,2653,76,2954,3090947,49077,2929941,111929
2021-07-06,Germany,2531,82,3400,3093478,49159,2933341,110978
2021-07-07,Germany,2524,42,3083,3096002,49201,2936424,110377
2021-07-08,Germany,1941,42,2869,3097943,49243,2939293,109407
2021-07-09,Germany,1439,44,3150,3099382,49287,2942443,107652
2021-07-10,Germany,1890,50,3521,3101272,49337,2945964,105971
2021-07-11,Germany,1699,39,2880,3102971,49376,2948844,104751
2021-07-12,Germany,2067,43,1971,3105038,49419,2950815,104804
2021-07-13,Germany,1958,39,2545,3106996,49458,2953360,104178
2021-07-14,Germany,1423,53,2432,3108419,49511,2955792,103116
2021-07-15,Germany,1376,43,1723,3109795,49554,2957515,102726
2021-07-16,Germany,1030,21,2796,3110825,49575,2960311,100939
2021-07-17,Germany,893,40,2180,3111718,49615,2962491,99612
2021-07-18,Germany,1073,28,1786,3112791,49643,2964277,98871
2021-07-19,Germany,1195,26,1180,3113986,49669,2965457,98860
2021-07-20,Germany,1067,34,1990,3115053,49703,2967447,97903
2021-07-21,Germany,936,35,1654,3115989,49738,2969101,97150
2021-07-22,Germany,856,26,1820,3116845,49764,2970921,96160
2021-07-23,Germany,672,12,1805,3117517,49776,2972726,95015
2021-07-24,Germany,597,20,1595,3118114,49796,2974321,93997
2021-07-25,Germany,712,23,1311,3118826,49819,2975632,93375
2021-07-26,Germany,710,24,970,3119536,49843,2976602,93091
2021-07-27,Germany,531,17,776,3120067,49860,2977378,92829
2021-07-28,Germany,592,18,834,3120659,49878,2978212,92569
2021-07-29,Germany,480,13,1128,3121139,49891,2979340,91908
2021-07-30,Germany,393,16,1057,3121532,49907,2980397,91228
2021-07-31,Germany,402,13,997,3121934,49920,2981394,90620
2021-08-01,Germany,372,13,636,3122306,49933,2982030,90343
2021-08-02,Germany,416,17,572,3122722,49950,2982602,90170
2021-08-03,Germany,335,12,539,3123057,49962,2983141,89954
2021-08-04,Germany,339,12,683,3123396,49974,2983824,89598
2021-08-05,Germany,307,12,671,3123703,49986,2984495,89222
2021-08-06,Germany,205,8,503,3123908,49994,2984998,88916
2021-08-07,Germany,199,6,591,3124107,50000,2985589,88518
2021-08-08,Germany,208,5,419,3124315,50005,2986008,88302
2021-08-09,Germany,229,7,412,3124544,50012,2986420,88112
2021-08-10,Germany,196,6,402,3124740,50018,2986822,87900
2021-08-11,Germany,188,7,345,3124928,50025,2987167,87736
2021-08-12,Germany,157,5,463,3125085,50030,2987630,87425
2021-08-13,Germany,128,3,371,3125213,50033,2988001,87179
2021-08-14,Germany,100,2,355,3125313,50035,2988356,86922
2021-08-15,Germany,131,3,205,3125444,50038,2988561,86845
2021-08-16,Germany,135,4,227,3125579,50042,2988788,86749
2021-08-17,Germany,126,3,206,3125705,50045,2988994,86666
2021-08-18,Germany,104,4,239,3125809,50049,2989233,86527
2021-08-19,Germany,84,4,247,3125893,50053,2989480,86360
2021-08-20,Germany,75,2,217,3125968,50055,2989697,86216
2021-08-21,Germany,77,2,196,3126045,50057,2989893,86095
2021-08-22,Germany,66,2,171,3126111,50059,2990064,85988
2021-08-23,Germany,81,2,147,3126192,50061,2990211,85920
2021-08-24,Germany,72,1,98,3126264,50062,2990309,85893
2021-08-25,Germany,64,2,105,3126328,50064,2990414,85850
2021-08-26,Germany,48,1,125,3126376,50065,2990539,85772
2021-08-27,Germany,47,1,125,3126423,50066,2990664,85693
2021-08-28,Germany,45,1,100,3126468,50067,2990764,85637
2021-08-29,Germany,54,1,70,3126522,50068,2990834,85620
2021-08-30,Germany,57,0,60,3126579,50068,2990894,85617
2021-08-31,Germany,63,1,68,3126642,50069,2990962,85611
2021-09-01,Germany,61,0,68,3126703,50069,2991030,85604
2021-09-02,Germany,58,0,90,3126761,50069,2991120,85572
2021-09-03,Germany,48,0,75,3126809,50069,2991195,85545
2021-09-04,Germany,54,0,67,3126863,50069,2991262,85532
2021-09-05,Germany,77,0,45,3126940,50069,2991307,85564
2021-09-06,Germany,85,0,37,3127025,50069,2991344,85612
2021-09-07,Germany,110,0,41,3127135,50069,2991385,85681
2021-09-08,Germany,105,0,50,3127240,50069,2991435,85736
2021-09-09,Germany,104,0,52,3127344,50069,2991487,85788
2021-09-10,Germany,111,0,60,3127455,50069,2991547,85839
2021-09-11,Germany,111,0,61,3127566,50069,2991608,85889
2021-09-12,Germany,136,0,60,3127702,50069,2991668,85965
2021-09-13,Germany,188,0,44,3127890,50069,2991712,86109
2021-09-14,Germany,208,0,41,3128098,50069,2991753,86276
2021-09-15,Germany,203,0,70,3128301,50069,2991823,86409
2021-09-16,Germany,222,0,81,3128523,50069,2991904,86550
2021-09-17,Germany,199,0,118,3128722,50069,2992022,86631
2021-09-18,Germany,232,0,95,3128954,50069,2992117,86768
2021-09-19,Germany,291,0,104,3129245,50069,2992221,86955
2021-09-20,Germany,332,0,109,3129577,50069,2992330,87178
2021-09-21,Germany,410,1,107,3129987,50070,2992437,87480
2021-09-22,Germany,465,1,142,3130452,50071,2992579,87802
2021-09-23,Germany,419,1,168,3130871,50072,2992747,88052
2021-09-24,Germany,409,1,188,3131280,50073,2992935,88272
2021-09-25,Germany,458,0,194,3131738,50073,2993129,88536
2021-09-26,Germany,594,1,199,3132332,50074,2993328,88930
2021-09-27,Germany,754,2,200,3133086,50076,2993528,89482
2021-09-28,Germany,840,1,206,3133926,50077,2993734,90115
2021-09-29,Germany,795,2,285,3134721,50079,2994019,90623
2021-09-30,Germany,806,1,315,3135527,50080,2994334,91113
2021-10-01,Germany,815,2,402,3136342,50082,2994736,91524
2021-10-02,Germany,816,3,425,3137158,50085,2995161,91912
2021-10-03,Germany,1113,3,388,3138271,50088,2995549,92634
2021-10-04,Germany,1107,3,396,3139378,50091,2995945,93342
2021-10-05,Germany,1555,3,448,3140933,50094,2996393,94446
2021-10-06,Germany,1595,3,570,3142528,50097,2996963,95468
2021-10-07,Germany,1532,4,847,3144060,50101,2997810,96149
2021-10-08,Germany,1389,5,726,3145449,50106,2998536,96807
2021-10-09,Germany,1649,4,758,3147098,50110,2999294,97694
2021-10-10,Germany,2201,4,651,3149299,50114,2999945,99240
2021-10-11,Germany,2660,3,811,3151959,50117,3000756,101086
2021-10-12,Germany,2645,6,695,3154604,50123,3001451,103030
2021-10-13,Germany,2691,7,1038,3157295,50130,3002489,104676
2021-10-14,Germany,2745,10,1023,3160040,50140,3003512,106388
2021-10-15,Germany,2184,8,1534,3162224,50148,3005046,107030
2021-10-16,Germany,2691,8,1446,3164915,50156,3006492,108267
2021-10-17,Germany,3726,9,1383,3168641,50165,3007875,110601
2021-10-18,Germany,4355,9,1524,3172996,50174,3009399,113423
2021-10-19,Germany,4579,18,1628,3177575,50192,3011027,116356
2021-10-20,Germany,3896,15,1994,3181471,50207,3013021,118243
2021-10-21,Germany,4147,8,2489,3185618,50215,3015510,119893
2021-10-22,Germany,3875,11,2956,3189493,50226,3018466,120801
2021-10-23,Germany,4611,12,2522,3194104,50238,3020988,122878
2021-10-24,Germany,5079,18,2453,3199183,50256,3023441,125486
2021-10-25,Germany,5937,27,1953,3205120,50283,3025394,129443
2021-10-26,Germany,5898,24,2441,3211018,50307,3027835,132876
2021-10-27,Germany,7666,24,3364,3218684,50331,3031199,137154
2021-10-28,Germany,6304,31,3645,3224988,50362,3034844,139782
2021-10-29,Germany,6390,17,3901,3231378,50379,3038745,142254
2021-10-30,Germany,6916,33,3429,3238294,50412,3042174,145708
2021-10-31,Germany,7589,29,4216,3245883,50441,3046390,149052
2021-11-01,Germany,8818,40,3578,3254701,50481,3049968,154252
2021-11-02,Germany,9774,39,4334,3264475,50520,3054302,159653
2021-11-03,Germany,9820,36,5495,3274295,50556,3059797,163942
2021-11-04,Germany,9928,40,6437,3284223,50596,3066234,167393
2021-11-05,Germany,8685,37,5502,3292908,50633,3071736,170539
2021-11-06,Germany,11497,35,6895,3304405,50668,3078631,175106
2021-11-07,Germany,12993,35,5528,3317398,50703,3084159,182536
2021-11-08,Germany,14989,79,6559,3332387,50782,3090718,190887
2021-11-09,Germany,14997,47,6503,3347384,50829,3097221,199334
2021-11-10,Germany,16519,77,7003,3363903,50906,3104224,208773
2021-11-11,Germany,13293,37,7776,3377196,50943,3112000,214253
2021-11-12,Germany,12876,53,8660,3390072,50996,3120660,218416
2021-11-13,Germany,14119,59,9728,3404191,51055,3130388,222748
2021-11-14,Germany,17376,72,8277,3421567,51127,3138665,231775
2021-11-15,Germany,20118,35,9167,3441685,51162,3147832,242691
2021-11-16,Germany,19652,88,10447,3461337,51250,3158279,251808
2021-11-17,Germany,18883,65,12286,3480220,51315,3170565,258340
2021-11-18,Germany,18890,91,12465,3499110,51406,3183030,264674
2021-11-19,Germany,17987,59,14379,3517097,51465,3197409,268223
2021-11-20,Germany,17644,82,15337,3534741,51547,3212746,270448
2021-11-21,Germany,18638,105,12697,3553379,51652,3225443,276284
2021-11-22,Germany,24239,101,14180,3577618,51753,3239623,286242
2021-11-23,Germany,27403,116,13795,3605021,51869,3253418,299734
2021-11-24,Germany,28617,107,15355,3633638,51976,3268773,312889
2021-11-25,Germany,20439,71,17939,3654077,52047,3286712,315318
2021-11-26,Germany,20511,131,19988,3674588,52178,3306700,315710
2021-11-27,Germany,21859,88,20481,3696447,52266,3327181,317000
2021-11-28,Germany,29082,141,18645,3725529,52407,3345826,327296
2021-11-29,Germany,29971,194,18456,3755500,52601,3364282,338617
2021-11-30,Germany,29287,144,17971,3784787,52745,3382253,349789
2021-12-01,Germany,31362,131,20431,3816149,52876,3402684,360589
2021-12-02,Germany,26057,164,18732,3842206,53040,3421416,367750
2021-12-03,Germany,22643,182,28062,3864849,53222,3449478,362149
2021-12-04,Germany,24573,111,30174,3889422,53333,3479652,356437
2021-12-05,Germany,34769,148,16994,3924191,53481,3496646,374064
2021-12-06,Germany,35773,130,17946,3959964,53611,3514592,391761
2021-12-07,Germany,36496,206,19199,3996460,53817,3533791,408852
2021-12-08,Germany,33448,235,25884,4029908,54052,3559675,416181
2021-12-09,Germany,31088,137,27386,4060996,54189,3587061,419746
2021-12-10,Germany,28728,151,28797,4089724,54340,3615858,419526
2021-12-11,Germany,30079,126,32713,4119803,54466,3648571,416766
2021-12-12,Germany,33960,237,27719,4153763,54703,3676290,422770
2021-12-13,Germany,40592,291,19916,4194355,54994,3696206,443155
2021-12-14,Germany,39336,182,21597,4233691,55176,3717803,460712
2021-12-15,Germany,33873,219,37770,4267564,55395,3755573,456596
2021-12-16,Germany,30865,228,36563,4298429,55623,3792136,450670
2021-12-17,Germany,25070,222,35326,4323499,55845,3827462,440192
2021-12-18,Germany,35929,136,33629,4359428,55981,3861091,442356
2021-12-19,Germany,37545,264,29755,4396973,56245,3890846,449882
2021-12-20,Germany,36696,296,29025,4433669,56541,3919871,457257
2021-12-21,Germany,39437,279,27905,4473106,56820,3947776,468510
2021-12-22,Germany,35560,131,33477,4508666,56951,3981253,470462
2021-12-23,Germany,36888,265,33081,4545554,57216,4014334,474004
2021-12-24,Germany,26505,290,35165,4572059,57506,4049499,465054
2021-12-25,Germany,31078,237,30316,4603137,57743,4079815,465579
2021-12-26,Germany,34413,207,28521,4637550,57950,4108336,471264
2021-12-27,Germany,41099,279,21837,4678649,58229,4130173,490247
2021-12-28,Germany,38937,406,32651,4717586,58635,4162824,496127
2021-12-29,Germany,31092,304,30584,4748678,58939,4193408,496331
2021-12-30,Germany,30828,264,37161,4779506,59203,4230569,489734
2021-12-31,Germany,26217,203,37547,4805723,59406,4268116,478201
2022-01-01,Germany,29236,234,28316,4834959,59640,4296432,478887
2022-01-02,Germany,36221,270,32456,4871180,59910,4328888,482382
2022-01-03,Germany,30821,270,26301,4902001,60180,4355189,486632
2022-01-04,Germany,33868,326,28214,4935869,60506,4383403,491960
2022-01-05,Germany,31622,344,30734,4967491,60850,4414137,492504
2022-01-06,Germany,27674,334,39160,4995165,61184,4453297,480684
2022-01-07,Germany,27110,140,38663,5022275,61324,4491960,468991
2022-01-08,Germany,25593,238,25561,5047868,61562,4517521,468785
2022-01-09,Germany,29761,289,31222,5077629,61851,4548743,467035
2022-01-10,Germany,29914,337,23154,5107543,62188,4571897,473458
2022-01-11,Germany,32161,247,28016,5139704,62435,4599913,477356
2022-01-12,Germany,30434,356,34648,5170138,62791,4634561,472786
2022-01-13,Germany,23092,165,28028,5193230,62956,4662589,467685
2022-01-14,Germany,23186,147,29185,5216416,63103,4691774,461539
2022-01-15,Germany,22048,219,29489,5238464,63322,4721263,453879
2022-01-16,Germany,26201,368,30885,5264665,63690,4752148,448827
2022-01-17,Germany,25808,182,22481,5290473,63872,4774629,451972
2022-01-18,Germany,26897,227,28727,5317370,64099,4803356,449915
2022-01-19,Germany,23420,271,27828,5340790,64370,4831184,445236
2022-01-20,Germany,19806,194,28819,5360596,64564,4860003,436029
2022-01-21,Germany,17985,177,27519,5378581,64741,4887522,426318
2022-01-22,Germany,18346,199,26963,5396927,64940,4914485,417502
2022-01-23,Germany,17300,218,21053,5414227,65158,4935538,413531
2022-01-24,Germany,23064,250,19930,5437291,65408,4955468,416415
2022-01-25,Germany,17390,279,20723,5454681,65687,4976191,412803
2022-01-26,Germany,17249,222,24129,5471930,65909,5000320,405701
2022-01-27,Germany,15265,167,29361,5487195,66076,5029681,391438
2022-01-28,Germany,13917,165,22810,5501112,66241,5052491,382380
2022-01-29,Germany,15030,164,22714,5516142,66405,5075205,374532
2022-01-30,Germany,12319,179,19485,5528461,66584,5094690,367187
2022-01-31,Germany,14829,174,15417,5543290,66758,5110107,366425
2022-02-01,Germany,12566,224,18821,5555856,66982,5128928,359946
2022-02-02,Germany,13455,204,15946,5569311,67186,5144874,357251
2022-02-03,Germany,11469,92,16622,5580780,67278,5161496,352006
2022-02-04,Germany,10998,119,17795,5591778,67397,5179291,345090
2022-02-05,Germany,9682,104,14709,5601460,67501,5194000,339959
2022-02-06,Germany,11179,107,13118,5612639,67608,5207118,337913
2022-02-07,Germany,11445,163,14279,5624084,67771,5221397,334916
2022-02-08,Germany,10259,129,13927,5634343,67900,5235324,331119
2022-02-09,Germany,8294,109,12911,5642637,68009,5248235,326393
2022-02-10,Germany,7928,61,15958,5650565,68070,5264193,318302
2022-02-11,Germany,5892,72,11285,5656457,68142,5275478,312837
2022-02-12,Germany,7201,114,13941,5663658,68256,5289419,305983
2022-02-13,Germany,6875,35,10178,5670533,68291,5299597,302645
2022-02-14,Germany,8026,117,12915,5678559,68408,5312512,297639
2022-02-15,Germany,6794,88,8650,5685353,68496,5321162,295695
2022-02-16,Germany,6298,107,11833,5691651,68603,5332995,290053
2022-02-17,Germany,5162,69,11914,5696813,68672,5344909,283232
2022-02-18,Germany,4329,40,10159,5701142,68712,5355068,277362
2022-02-19,Germany,4059,65,7428,5705201,68777,5362496,273928
2022-02-20,Germany,4593,87,7495,5709794,68864,5369991,270939
2022-02-21,Germany,4303,84,4438,5714097,68948,5374429,270720
2022-02-22,Germany,4017,55,7068,5718114,69003,5381497,267614
2022-02-23,Germany,4234,51,6830,5722348,69054,5388327,264967
2022-02-24,Germany,3330,43,7807,5725678,69097,5396134,260447
2022-02-25,Germany,2686,30,4582,5728364,69127,5400716,258521
2022-02-26,Germany,2908,52,5280,5731272,69179,5405996,256097
2022-02-27,Germany,2639,31,4584,5733911,69210,5410580,254121
2022-02-28,Germany,3087,39,4277,5736998,69249,5414857,252892
2022-03-01,Germany,2689,31,4009,5739687,69280,5418866,251541
